bytes,duration,source,sink,action_type
33000000,0.27516775658250736,registry,rpi4_0,docker_pull
33000000,0.2752158893349698,registry,rpi4_1,docker_pull
40000000,0.33170607858584555,registry,coral_9,docker_pull
40000000,0.3314766491647347,registry,coral_11,docker_pull
40000000,0.5282291316290694,registry,rockpi_18,docker_pull
100000000,0.8263275691541997,registry,tx2_11,docker_pull
100000000,0.8262206459694413,registry,nano_12,docker_pull
100000000,0.8262799327357214,registry,nano_21,docker_pull
100000000,0.8263957420826814,registry,nano_46,docker_pull
100000000,0.8277745328131048,registry,tx2_0,docker_pull
100000000,0.827560750537041,registry,tx2_1,docker_pull
100000000,0.8264225445627884,registry,tx2_5,docker_pull
137000000,1.1331089999391375,registry,rpi4_4,docker_pull
137000000,1.1328759681852334,registry,rpi4_5,docker_pull
137000000,1.1332247625067982,registry,rpi4_12,docker_pull
137000000,1.1329822768928375,registry,rpi4_13,docker_pull
191000000,1.5767734524568764,registry,coral_6,docker_pull
191000000,1.5785860143976198,registry,rockpi_16,docker_pull
100000000,1.6355937944518566,registry,nx_4,docker_pull
191000000,2.444810178947405,registry,nx_4,docker_pull
48000000,2.8779432817710244,nuc_5,rockpi_18,data_download
48000000,3.88955983789078,nuc_5,rpi4_0,data_download
48000000,4.293763513963332,nuc_5,rpi4_1,data_download
48000000,4.469037692424234,nuc_5,coral_9,data_download
48000000,4.482316393205346,nuc_5,coral_11,data_download
48000000,4.453394437387034,nuc_5,rockpi_18,data_download
33000000,0.2750270084170552,registry,rpi3_3,docker_pull
33000000,0.27515632227276754,registry,rpi3_4,docker_pull
33000000,0.27502803297418765,registry,rpi3_5,docker_pull
33000000,0.27518082183202264,registry,rpi4_2,docker_pull
40000000,0.37068951090472435,registry,rockpi_5,docker_pull
100000000,0.8264865288936853,registry,nano_18,docker_pull
100000000,0.8262927827295945,registry,nano_43,docker_pull
100000000,0.8264442377964034,registry,nano_48,docker_pull
100000000,0.8262459247022136,registry,nano_49,docker_pull
100000000,0.8261712392041156,registry,tx2_13,docker_pull
100000000,0.8262493914131284,registry,tx2_19,docker_pull
100000000,0.8262683067966421,registry,nano_31,docker_pull
100000000,0.8263915490061677,registry,nano_37,docker_pull
33000000,0.27522698162439774,registry,rpi4_3,docker_pull
33000000,0.274967058837543,registry,rpi4_20,docker_pull
33000000,0.2751534311959052,registry,rpi4_21,docker_pull
33000000,0.2749452895702902,registry,rpi4_6,docker_pull
33000000,0.2752700092118996,registry,rpi4_7,docker_pull
40000000,0.3327931678051801,registry,rockpi_4,docker_pull
100000000,0.8263136713671315,registry,nano_50,docker_pull
100000000,0.8260485824503814,registry,nano_52,docker_pull
100000000,0.8263309799705656,registry,tx2_4,docker_pull
100000000,0.8261962984796938,registry,nano_15,docker_pull
100000000,0.8263869774281805,registry,nano_53,docker_pull
100000000,0.8277674222810614,registry,nano_0,docker_pull
100000000,0.8261700137835053,registry,tx2_6,docker_pull
100000000,0.8277946643921705,registry,nano_1,docker_pull
48000000,9.559588947655396,nuc_5,rockpi_5,data_download
33000000,0.27529399576257063,registry,rpi3_0,docker_pull
33000000,0.2750061264424968,registry,rpi3_1,docker_pull
33000000,0.27521795704205765,registry,rpi3_2,docker_pull
103000000,14.470277517824632,nuc_5,tx2_11,data_download
40000000,0.33149891692421285,registry,coral_8,docker_pull
40000000,0.33166149097406006,registry,coral_10,docker_pull
48000000,10.40890457914227,nuc_5,rpi3_3,data_download
48000000,10.416257201463019,nuc_5,rpi3_4,data_download
48000000,10.419987613089962,nuc_5,rpi3_5,data_download
48000000,10.423989997590162,nuc_5,rpi4_2,data_download
100000000,0.8262439016691054,registry,nano_20,docker_pull
100000000,0.8262181510839177,registry,nano_23,docker_pull
100000000,0.8262137710185407,registry,nano_33,docker_pull
100000000,0.8261272214930511,registry,nano_36,docker_pull
100000000,0.8262860239847942,registry,tx2_8,docker_pull
100000000,0.8276272815170742,registry,nano_2,docker_pull
100000000,0.8261445045714897,registry,tx2_14,docker_pull
100000000,0.826313977300897,registry,tx2_15,docker_pull
48000000,10.4764728312681,nuc_5,rockpi_5,data_download
103000000,16.51915107856308,nuc_5,nano_46,data_download
103000000,17.44439361346465,nuc_5,tx2_5,data_download
103000000,18.14403507307925,nuc_5,tx2_1,data_download
103000000,18.15534431136988,nuc_5,nano_21,data_download
103000000,18.324702122167007,nuc_5,nano_12,data_download
103000000,18.747309007117654,nuc_5,tx2_0,data_download
33000000,0.3349411596628684,registry,rpi4_8,docker_pull
33000000,0.33540016642452386,registry,rpi4_9,docker_pull
40000000,0.39451685288954863,registry,rockpi_19,docker_pull
40000000,0.3918536873696361,registry,coral_3,docker_pull
40000000,0.3915226528910978,registry,coral_4,docker_pull
100000000,0.8277446272813052,registry,nx_0,docker_pull
100000000,0.827790014699044,registry,nx_1,docker_pull
100000000,0.8864183442974962,registry,nano_17,docker_pull
100000000,0.886382454913818,registry,nano_24,docker_pull
100000000,0.8864231573428576,registry,nano_26,docker_pull
100000000,0.8865193174853232,registry,nano_30,docker_pull
100000000,0.8865489414040226,registry,nano_41,docker_pull
100000000,0.8865773948734521,registry,nano_44,docker_pull
103000000,20.10034841541553,nuc_5,nx_4,data_download
33000000,0.2750910869436609,registry,rpi4_22,docker_pull
33000000,0.2752483439155995,registry,rpi4_23,docker_pull
48000000,15.020832270946016,nuc_5,rpi4_6,data_download
40000000,0.3314441845527689,registry,coral_7,docker_pull
40000000,0.3330934715804439,registry,rockpi_7,docker_pull
40000000,0.3395267861320157,registry,rockpi_2,docker_pull
100000000,0.8263626357126554,registry,tx2_3,docker_pull
100000000,0.8277385483131425,registry,nx_2,docker_pull
100000000,0.8262158750390256,registry,tx2_9,docker_pull
100000000,0.8261887479582306,registry,nano_11,docker_pull
100000000,0.8261578893882451,registry,nx_3,docker_pull
100000000,0.826202684813456,registry,nano_40,docker_pull
100000000,0.8280312247075976,registry,nano_3,docker_pull
100000000,0.8280850009687306,registry,nano_4,docker_pull
48000000,16.322245800987023,nuc_5,rpi4_20,data_download
48000000,16.358571879132562,nuc_5,rpi4_21,data_download
48000000,16.581284709652813,nuc_5,rpi4_7,data_download
48000000,16.61417164823171,nuc_5,rpi4_3,data_download
48000000,16.571875036898007,nuc_5,rockpi_4,data_download
33000000,0.2753805412553838,registry,rpi4_14,docker_pull
33000000,0.2750867829942898,registry,rpi4_15,docker_pull
40000000,0.3386779117093077,registry,nx_0,docker_pull
40000000,0.3387063779572337,registry,nx_1,docker_pull
40000000,0.3386359759437205,registry,nx_2,docker_pull
100000000,0.82640184311553,registry,nx_7,docker_pull
100000000,0.8263502821907558,registry,tx2_20,docker_pull
100000000,0.8262223071265069,registry,nano_22,docker_pull
100000000,0.8261513892780101,registry,nano_25,docker_pull
100000000,0.8262143326001521,registry,nano_51,docker_pull
100000000,0.8262926699935917,registry,nx_5,docker_pull
100000000,0.8261527421671992,registry,nx_8,docker_pull
100000000,0.8262009607389871,registry,tx2_7,docker_pull
48000000,19.681600474019522,nuc_5,rpi3_0,data_download
33000000,0.2751913648056288,registry,rpi4_16,docker_pull
33000000,0.27519105800449495,registry,rpi4_17,docker_pull
33000000,0.27551047298883447,registry,rpi4_18,docker_pull
33000000,0.27495131736317546,registry,rpi4_19,docker_pull
40000000,0.3329027361436232,registry,coral_0,docker_pull
40000000,0.3331682197868062,registry,rockpi_6,docker_pull
48000000,20.12205754853928,nuc_5,coral_8,data_download
48000000,20.361968647361557,nuc_5,rpi3_1,data_download
48000000,20.79962195512544,nuc_5,rockpi_4,data_download
100000000,0.8261208663391884,registry,tx2_17,docker_pull
100000000,0.826172997331085,registry,nano_28,docker_pull
100000000,0.8263130590867362,registry,nano_29,docker_pull
100000000,0.8261503701446955,registry,tx2_12,docker_pull
100000000,0.8263157725455983,registry,tx2_16,docker_pull
100000000,0.8262330898552221,registry,tx2_18,docker_pull
100000000,0.8265646067577137,registry,nano_14,docker_pull
100000000,0.8261635154818734,registry,nano_19,docker_pull
48000000,20.854814904223826,nuc_5,coral_10,data_download
48000000,20.95436074576228,nuc_5,rpi3_2,data_download
40000000,0.3330965095640508,registry,coral_1,docker_pull
40000000,0.3314622841556556,registry,coral_5,docker_pull
40000000,0.335395359747956,registry,nx_3,docker_pull
40000000,0.3367017821567657,registry,rockpi_9,docker_pull
100000000,0.8265114956209629,registry,nano_38,docker_pull
100000000,0.8263035201095406,registry,nano_39,docker_pull
100000000,0.8264240045012841,registry,nano_54,docker_pull
100000000,0.8261866205926438,registry,nx_6,docker_pull
100000000,0.8262602698890973,registry,nano_13,docker_pull
100000000,0.8262159868926844,registry,nano_16,docker_pull
100000000,0.8263562522030483,registry,nano_42,docker_pull
100000000,0.8263050696592842,registry,nano_35,docker_pull
48000000,23.16627498643461,nuc_5,rockpi_19,data_download
103000000,37.583697065893254,nuc_5,nano_37,data_download
103000000,38.98335423183819,nuc_5,nano_18,data_download
103000000,39.405382777716696,nuc_5,tx2_13,data_download
40000000,0.33630600630164054,registry,rockpi_8,docker_pull
40000000,0.3365815601811164,registry,rockpi_15,docker_pull
40000000,0.33313936813443235,registry,rockpi_13,docker_pull
40000000,0.33507980091334133,registry,nx_7,docker_pull
103000000,39.55223716629932,nuc_5,tx2_19,data_download
103000000,39.573207507254885,nuc_5,nano_43,data_download
103000000,39.718798281992285,nuc_5,nano_31,data_download
103000000,39.74574366239145,nuc_5,nano_48,data_download
103000000,39.83607882076441,nuc_5,nano_49,data_download
100000000,0.8261241849476448,registry,nano_47,docker_pull
100000000,0.8282187068026943,registry,nano_5,docker_pull
100000000,0.8278956525526269,registry,nano_6,docker_pull
100000000,0.8281419538708974,registry,nano_7,docker_pull
100000000,0.8278699701475603,registry,nano_8,docker_pull
100000000,0.8263087663357851,registry,nx_9,docker_pull
100000000,0.8278213287995939,registry,nano_9,docker_pull
100000000,0.8276307591267908,registry,nano_10,docker_pull
48000000,26.89448686243854,nuc_5,coral_4,data_download
48000000,27.006891107693143,nuc_5,rpi4_8,data_download
48000000,26.955489589293872,nuc_5,coral_3,data_download
48000000,27.06467693216371,nuc_5,rpi4_9,data_download
48000000,27.17879754318538,nuc_5,rockpi_19,data_download
33000000,0.2750055348034053,registry,rpi4_10,docker_pull
33000000,0.2752043167747047,registry,rpi4_11,docker_pull
33000000,0.27501230459048287,registry,rpi3_9,docker_pull
40000000,0.33653525602430534,registry,rockpi_22,docker_pull
100000000,0.8260579194223112,registry,tx2_2,docker_pull
100000000,0.8262287437578522,registry,tx2_10,docker_pull
100000000,0.8260626043286265,registry,nano_27,docker_pull
100000000,0.8262693471753408,registry,nano_32,docker_pull
100000000,0.8262458094671103,registry,nano_34,docker_pull
100000000,0.8262480358310285,registry,nano_45,docker_pull
100000000,0.826142691282989,registry,nano_55,docker_pull
200000000,1.654463416644269,registry,xeongpu_0,docker_pull
33000000,0.27513808092951564,registry,rpi3_10,docker_pull
33000000,0.27513826882827175,registry,rpi3_11,docker_pull
33000000,0.27516551818747104,registry,rpi3_15,docker_pull
40000000,0.33608317853141045,registry,rockpi_20,docker_pull
40000000,0.33471159487597646,registry,nx_5,docker_pull
103000000,44.77111800666205,nuc_5,nano_15,data_download
70000000,0.5804928788342991,registry,rpi3_6,docker_pull
70000000,0.5801413779617732,registry,rpi3_7,docker_pull
70000000,0.5805453296042913,registry,rpi3_8,docker_pull
70000000,0.5801017915277669,registry,rpi3_12,docker_pull
70000000,0.5804539803294944,registry,rpi3_13,docker_pull
70000000,0.5804185090015395,registry,rpi3_14,docker_pull
70000000,0.5802440760182606,registry,rpi4_0,docker_pull
84000000,0.6942452747595311,registry,coral_2,docker_pull
48000000,32.25951798348982,nuc_5,rockpi_2,data_download
48000000,32.68544872818834,nuc_5,rpi4_22,data_download
48000000,32.714391584210354,nuc_5,rpi4_23,data_download
48000000,32.678755047930025,nuc_5,coral_7,data_download
48000000,32.75169375491491,nuc_5,rockpi_2,data_download
48000000,32.786314669580364,nuc_5,rockpi_7,data_download
40000000,0.33411308718213917,registry,nx_8,docker_pull
40000000,0.3357163798591145,registry,rockpi_10,docker_pull
40000000,0.3329264780268488,registry,rockpi_14,docker_pull
40000000,0.3357704378694635,registry,rockpi_11,docker_pull
70000000,0.5803673090779995,registry,rpi4_1,docker_pull
70000000,0.5804119453440038,registry,rpi4_4,docker_pull
70000000,0.5804027844998174,registry,rpi4_5,docker_pull
70000000,0.5804730519299142,registry,rpi4_12,docker_pull
70000000,0.5804059885626387,registry,rpi4_13,docker_pull
84000000,0.6945537576595555,registry,coral_9,docker_pull
84000000,0.6943478275521997,registry,coral_11,docker_pull
84000000,0.6941172441823724,registry,coral_6,docker_pull
103000000,53.3802793180708,nuc_5,nano_53,data_download
40000000,0.3352648532151363,registry,rockpi_17,docker_pull
40000000,0.3338287553938386,registry,nx_6,docker_pull
40000000,0.33536412178783337,registry,rockpi_21,docker_pull
70000000,0.580362448679864,registry,rpi3_3,docker_pull
70000000,0.5805059862076405,registry,rpi3_4,docker_pull
70000000,0.5805274353035372,registry,rpi3_5,docker_pull
70000000,0.5804859721623927,registry,rpi4_2,docker_pull
70000000,0.580172110210242,registry,rpi4_3,docker_pull
70000000,0.5803132887715634,registry,rpi4_20,docker_pull
70000000,0.5804016671779806,registry,rpi4_21,docker_pull
70000000,0.5802519483653015,registry,rpi4_6,docker_pull
48000000,36.908477112365006,nuc_5,nx_1,data_download
48000000,37.62383279573956,nuc_5,rpi4_14,data_download
103000000,57.49547448468056,nuc_5,tx2_4,data_download
48000000,38.21315424142537,nuc_5,rpi4_15,data_download
48000000,38.53358818005182,nuc_5,rockpi_7,data_download
48000000,38.62734036333434,nuc_5,nx_0,data_download
48000000,38.87469268217794,nuc_5,nx_2,data_download
103000000,59.49901444159383,nuc_5,nano_50,data_download
103000000,59.49837958361259,nuc_5,nano_52,data_download
40000000,0.33525415736087893,registry,rockpi_1,docker_pull
40000000,0.3351564980622612,registry,rockpi_12,docker_pull
40000000,0.3352605626001832,registry,rockpi_3,docker_pull
70000000,0.5802359620753492,registry,rpi4_7,docker_pull
70000000,0.5802302160100936,registry,rpi3_0,docker_pull
70000000,0.5803610894952271,registry,rpi3_1,docker_pull
70000000,0.5803190921781436,registry,rpi3_2,docker_pull
70000000,0.5802531848410979,registry,rpi4_8,docker_pull
70000000,0.5805241880565433,registry,rpi4_9,docker_pull
84000000,0.6942278623124594,registry,coral_8,docker_pull
84000000,0.6944460902206373,registry,coral_10,docker_pull
103000000,60.40139348235427,nuc_5,nano_0,data_download
103000000,60.637536107942346,nuc_5,tx2_6,data_download
103000000,60.80121803815591,nuc_5,nano_1,data_download
40000000,0.33536597867970386,registry,rockpi_0,docker_pull
40000000,0.3337906784853999,registry,nx_9,docker_pull
70000000,0.5804144410078749,registry,rpi4_22,docker_pull
70000000,0.5804451530645451,registry,rpi4_23,docker_pull
70000000,0.5805818730743084,registry,rpi4_14,docker_pull
70000000,0.5801595438781533,registry,rpi4_15,docker_pull
84000000,0.6942372339956933,registry,coral_3,docker_pull
84000000,0.694438306822974,registry,coral_4,docker_pull
84000000,0.6941826984693478,registry,coral_7,docker_pull
84000000,0.7006759146250516,registry,coral_0,docker_pull
108000000,0.8922927916787842,registry,nuc_0,docker_pull
108000000,0.892228084012217,registry,nuc_1,docker_pull
48000000,43.18407560593977,nuc_5,coral_0,data_download
48000000,43.892999100649824,nuc_5,rpi4_16,data_download
48000000,43.987045000653296,nuc_5,rpi4_17,data_download
48000000,44.008640061164535,nuc_5,rpi4_18,data_download
48000000,44.05022870060397,nuc_5,rpi4_19,data_download
48000000,44.22676760753195,nuc_5,rockpi_6,data_download
40000000,0.331644238150659,registry,nx_4,docker_pull
40000000,0.3328282009021848,registry,rockpi_16,docker_pull
70000000,0.5803941591790789,registry,rpi4_16,docker_pull
70000000,0.5803579371339964,registry,rpi4_17,docker_pull
70000000,0.5806001787261579,registry,rpi4_18,docker_pull
70000000,0.5802880860272097,registry,rpi4_19,docker_pull
70000000,0.5844236082943866,registry,rpi4_10,docker_pull
70000000,0.5842848342752802,registry,rpi4_11,docker_pull
84000000,0.6987605482771215,registry,coral_5,docker_pull
84000000,0.7003019411567806,registry,coral_1,docker_pull
108000000,0.892282957157164,registry,nuc_16,docker_pull
108000000,0.8922149036226017,registry,nuc_2,docker_pull
108000000,0.8921898216720336,registry,nuc_3,docker_pull
70000000,0.5839335627931206,registry,rpi3_9,docker_pull
70000000,0.5839742762618698,registry,rpi3_10,docker_pull
70000000,0.5838501430464049,registry,rpi3_11,docker_pull
70000000,0.5836781453702855,registry,rpi3_15,docker_pull
108000000,0.8921507308340466,registry,nuc_4,docker_pull
108000000,0.8924588360030867,registry,nuc_6,docker_pull
48000000,48.856209681979635,nuc_5,rockpi_9,data_download
48000000,49.51749555696219,nuc_5,rockpi_6,data_download
48000000,49.56548810804998,nuc_5,coral_1,data_download
48000000,50.02158412339022,nuc_5,coral_5,data_download
48000000,50.01519953565837,nuc_5,rockpi_9,data_download
48000000,50.0357774716885,nuc_5,nx_3,data_download
84000000,0.6940824791358438,registry,nano_12,docker_pull
84000000,0.6997293688678923,registry,rockpi_18,docker_pull
84000000,0.6945770995743743,registry,nano_21,docker_pull
108000000,0.8921617378298947,registry,nuc_7,docker_pull
103000000,76.59439554305479,nuc_5,tx2_15,data_download
103000000,77.26976565452058,nuc_5,tx2_14,data_download
103000000,77.53956946593473,nuc_5,tx2_8,data_download
103000000,78.12582035457234,nuc_5,nano_20,data_download
103000000,78.34842496736746,nuc_5,nano_2,data_download
103000000,78.46166148584756,nuc_5,nano_23,data_download
103000000,78.6912653649083,nuc_5,nano_33,data_download
103000000,78.84129415466694,nuc_5,nano_36,data_download
84000000,0.6943392701761866,registry,nano_46,docker_pull
84000000,0.6942193962474761,registry,nano_18,docker_pull
108000000,0.8921753585298404,registry,nuc_15,docker_pull
108000000,0.8922345924448933,registry,nuc_8,docker_pull
48000000,54.84892421850621,nuc_5,rockpi_8,data_download
48000000,55.00177515293291,nuc_5,rockpi_15,data_download
48000000,55.020354501701235,nuc_5,rockpi_15,data_download
48000000,55.129241880854046,nuc_5,nx_7,data_download
48000000,55.1692344613752,nuc_5,rockpi_8,data_download
48000000,55.247585432282186,nuc_5,rockpi_13,data_download
48000000,59.64779833788185,nuc_5,rockpi_13,data_download
48000000,59.78592120486364,nuc_5,rockpi_22,data_download
48000000,59.685450317639656,nuc_5,rpi4_10,data_download
48000000,59.80005890631597,nuc_5,rpi4_11,data_download
48000000,59.850270958164764,nuc_5,rpi3_9,data_download
48000000,60.10167513541424,nuc_5,rockpi_22,data_download
103000000,92.6588485634715,nuc_5,nano_30,data_download
48000000,59.95650828577017,nuc_5,rpi3_11,data_download
103000000,94.85806824991292,nuc_5,nano_17,data_download
48000000,60.95242162725031,nuc_5,nx_5,data_download
103000000,95.56745874187246,nuc_5,nx_1,data_download
103000000,95.83217911843114,nuc_5,nx_0,data_download
103000000,95.81160883875746,nuc_5,nano_24,data_download
103000000,96.04198739485642,nuc_5,nano_26,data_download
103000000,96.30384237595595,nuc_5,nano_41,data_download
103000000,96.31540780926969,nuc_5,nano_44,data_download
48000000,62.290049597008405,nuc_5,rockpi_20,data_download
48000000,62.16522000178536,nuc_5,rockpi_20,data_download
48000000,63.45742107544297,nuc_5,rpi3_15,data_download
48000000,63.48666287377346,nuc_5,rpi3_10,data_download
48000000,64.67744059648797,nuc_5,nx_8,data_download
48000000,65.26843552178384,nuc_5,rockpi_10,data_download
48000000,65.41135871083532,nuc_5,rockpi_11,data_download
48000000,65.50434951482828,nuc_5,rockpi_14,data_download
48000000,65.51952585280142,nuc_5,rockpi_10,data_download
48000000,65.52438767676568,nuc_5,rockpi_11,data_download
48000000,66.35960570114288,nuc_5,rockpi_21,data_download
48000000,66.80398241938263,nuc_5,rockpi_17,data_download
48000000,66.81537868113912,nuc_5,rockpi_21,data_download
48000000,66.83760610691527,nuc_5,rockpi_14,data_download
48000000,66.55470534285344,nuc_5,nx_6,data_download
48000000,66.56966764237231,nuc_5,rockpi_17,data_download
103000000,106.62895336262821,nuc_5,nx_3,data_download
103000000,107.39655174323103,nuc_5,nano_3,data_download
103000000,107.44530622217032,nuc_5,nano_40,data_download
48000000,63.297505292736474,nuc_5,rockpi_12,data_download
103000000,107.52040961475947,nuc_5,tx2_3,data_download
103000000,107.62825532544448,nuc_5,nx_2,data_download
103000000,107.6831416289019,nuc_5,tx2_9,data_download
103000000,107.73228538992468,nuc_5,nano_11,data_download
103000000,107.89541767477128,nuc_5,nano_4,data_download
48000000,66.83096737311774,nuc_5,rockpi_1,data_download
48000000,67.23310394369338,nuc_5,rockpi_3,data_download
48000000,66.93934830991999,nuc_5,rockpi_12,data_download
48000000,67.18529964604554,nuc_5,rockpi_1,data_download
48000000,67.19976674579996,nuc_5,rockpi_3,data_download
48000000,66.60210202200443,nuc_5,rockpi_0,data_download
48000000,66.76732589524698,nuc_5,rockpi_18,data_download
48000000,66.84014860813645,nuc_5,rockpi_0,data_download
48000000,67.16247184648202,nuc_5,nx_9,data_download
48000000,66.93626075824977,nuc_5,nuc_0,data_download
48000000,66.98735551728642,nuc_5,nuc_1,data_download
103000000,114.09602428847376,nuc_5,nano_51,data_download
103000000,114.32600986843484,nuc_5,nx_7,data_download
103000000,114.41615905499509,nuc_5,tx2_20,data_download
103000000,114.4560451952058,nuc_5,nano_22,data_download
103000000,114.5219068756177,nuc_5,nano_25,data_download
103000000,114.51945022008628,nuc_5,nx_8,data_download
103000000,114.60039641386501,nuc_5,tx2_7,data_download
103000000,114.78560340954496,nuc_5,nx_5,data_download
48000000,66.30499343181256,nuc_5,rockpi_5,data_download
48000000,66.27443673581902,nuc_5,nx_4,data_download
48000000,66.39419775916733,nuc_5,rockpi_16,data_download
48000000,66.18007558905816,nuc_5,nuc_16,data_download
48000000,66.21474439887808,nuc_5,nuc_2,data_download
48000000,66.22213869506096,nuc_5,nuc_3,data_download
48000000,64.80935212424953,nuc_5,rockpi_2,data_download
48000000,65.14540138126173,nuc_5,rockpi_4,data_download
48000000,65.2259705321382,nuc_5,rockpi_19,data_download
48000000,64.68834560719951,nuc_5,nuc_4,data_download
48000000,64.86385770042314,nuc_5,nuc_6,data_download
48000000,61.20881159158762,nuc_5,nx_2,data_download
48000000,57.030383336686754,nuc_5,rockpi_8,data_download
48000000,63.23814470968105,nuc_5,rockpi_6,data_download
48000000,63.29706463118518,nuc_5,rockpi_7,data_download
48000000,63.36860542723551,nuc_5,nx_0,data_download
48000000,63.41864372008072,nuc_5,nx_1,data_download
103000000,117.8525020767671,nuc_5,nano_14,data_download
103000000,117.9120620821783,nuc_5,nano_19,data_download
103000000,117.91940060057183,nuc_5,tx2_17,data_download
103000000,117.92687501958248,nuc_5,tx2_18,data_download
103000000,117.95363510109108,nuc_5,nano_28,data_download
103000000,117.97863410452902,nuc_5,nano_29,data_download
48000000,62.90317346396071,nuc_5,nuc_7,data_download
103000000,118.00096849304009,nuc_5,tx2_16,data_download
103000000,118.03490504429124,nuc_5,tx2_12,data_download
48000000,60.822091680992685,nuc_5,rockpi_15,data_download
48000000,60.958879327576454,nuc_5,nx_3,data_download
48000000,61.2167764392278,nuc_5,rockpi_9,data_download
48000000,60.57944731004247,nuc_5,nuc_15,data_download
48000000,60.61172552815778,nuc_5,nuc_8,data_download
103000000,118.68802354392878,nuc_5,nano_54,data_download
103000000,118.75803003871209,nuc_5,nano_39,data_download
103000000,118.98665586584684,nuc_5,nx_6,data_download
103000000,119.01796179748428,nuc_5,nano_13,data_download
103000000,119.02465434048338,nuc_5,nano_38,data_download
103000000,119.04850017461885,nuc_5,nano_16,data_download
103000000,119.07631108464835,nuc_5,nano_42,data_download
103000000,119.11618059388032,nuc_5,nano_35,data_download
103000000,117.82532201364944,nuc_5,nano_47,data_download
103000000,118.4353282353907,nuc_5,nano_6,data_download
103000000,118.557960370807,nuc_5,nano_7,data_download
103000000,118.60674495750484,nuc_5,nano_8,data_download
103000000,118.64214415920563,nuc_5,nx_9,data_download
103000000,118.67983847539708,nuc_5,nano_9,data_download
103000000,118.70132024327812,nuc_5,nano_10,data_download
103000000,118.81453402562809,nuc_5,nano_5,data_download
103000000,109.33388945958248,nuc_5,rpi3_7,data_download
103000000,115.47465367188836,nuc_5,tx2_10,data_download
103000000,115.9279939077951,nuc_5,nano_55,data_download
103000000,117.26588086944273,nuc_5,nano_27,data_download
103000000,117.61359107762433,nuc_5,nano_34,data_download
103000000,117.62876396112664,nuc_5,nano_32,data_download
103000000,117.92515545948142,nuc_5,nano_45,data_download
103000000,117.97309647472508,nuc_5,tx2_2,data_download
103000000,117.51511282492751,nuc_5,xeongpu_0,data_download
103000000,115.20028213740943,nuc_5,rpi4_0,data_download
103000000,115.52457373268967,nuc_5,rpi3_12,data_download
103000000,116.07339016338237,nuc_5,rpi3_13,data_download
103000000,116.10588756312737,nuc_5,rpi3_6,data_download
103000000,115.99478639854192,nuc_5,coral_2,data_download
103000000,116.19629372416452,nuc_5,rpi3_8,data_download
103000000,116.3236979832042,nuc_5,rpi3_14,data_download
103000000,112.91597352339181,nuc_5,rpi4_4,data_download
103000000,112.96292679530158,nuc_5,rpi4_1,data_download
103000000,113.55162126730323,nuc_5,coral_9,data_download
103000000,113.5966371430101,nuc_5,coral_6,data_download
103000000,113.8560667849992,nuc_5,rpi4_5,data_download
103000000,113.89319761131159,nuc_5,rpi4_12,data_download
103000000,113.9354508433791,nuc_5,rpi4_13,data_download
103000000,113.96630049015616,nuc_5,coral_11,data_download
103000000,109.84112398372285,nuc_5,rpi4_6,data_download
103000000,110.50688573803285,nuc_5,rpi4_2,data_download
103000000,110.54015740884594,nuc_5,rpi3_4,data_download
103000000,110.72286544154268,nuc_5,rpi4_20,data_download
103000000,110.88237486328809,nuc_5,rpi4_21,data_download
103000000,111.02676811863589,nuc_5,rpi4_3,data_download
103000000,111.12370771694569,nuc_5,rpi3_3,data_download
103000000,111.1409902660211,nuc_5,rpi3_5,data_download
103000000,107.25915589900148,nuc_5,coral_8,data_download
103000000,107.28619186089814,nuc_5,coral_10,data_download
103000000,107.62400275676286,nuc_5,rpi4_7,data_download
103000000,107.65957104307044,nuc_5,rpi4_9,data_download
103000000,107.69101360744497,nuc_5,rpi3_2,data_download
103000000,107.73980715723843,nuc_5,rpi4_8,data_download
103000000,107.7443341370635,nuc_5,rpi3_1,data_download
103000000,107.77176640688127,nuc_5,rpi3_0,data_download
103000000,103.60095674613375,nuc_5,coral_0,data_download
103000000,103.83417843592316,nuc_5,rpi4_14,data_download
103000000,103.89039446621084,nuc_5,coral_7,data_download
103000000,104.06582510415302,nuc_5,rpi4_15,data_download
103000000,103.9721802318225,nuc_5,coral_3,data_download
103000000,104.20817090634027,nuc_5,rpi4_22,data_download
103000000,104.09771807721992,nuc_5,coral_4,data_download
103000000,104.25405456676339,nuc_5,rpi4_23,data_download
103000000,99.67238552717201,nuc_5,rpi4_17,data_download
103000000,95.27707789171737,nuc_5,rpi3_6,data_download
103000000,99.7304872336524,nuc_5,rpi4_19,data_download
103000000,99.89036323689173,nuc_5,coral_1,data_download
103000000,100.05231875706367,nuc_5,rpi4_16,data_download
103000000,100.04858126824865,nuc_5,rpi4_11,data_download
103000000,100.05163288785171,nuc_5,rpi4_10,data_download
103000000,95.71363722281598,nuc_5,rpi3_7,data_download
103000000,100.0215395947253,nuc_5,coral_5,data_download
103000000,100.22314048167426,nuc_5,rpi4_18,data_download
103000000,86.09826873161015,nuc_5,rpi4_13,data_download
103000000,95.6483855302111,nuc_5,rpi3_10,data_download
103000000,96.24429653678894,nuc_5,rpi3_8,data_download
103000000,95.71277745549868,nuc_5,rpi3_11,data_download
103000000,95.72864453798728,nuc_5,rpi3_9,data_download
103000000,96.36672241855615,nuc_5,coral_2,data_download
103000000,95.82314061800368,nuc_5,rpi3_15,data_download
103000000,91.54637998233486,nuc_5,rpi3_12,data_download
103000000,90.90138049113425,nuc_5,nano_12,data_download
103000000,91.64422456651755,nuc_5,rpi3_14,data_download
103000000,91.68439827031378,nuc_5,rpi3_13,data_download
103000000,91.69855948443637,nuc_5,rpi4_1,data_download
103000000,91.7517485889413,nuc_5,rpi4_0,data_download
103000000,91.05858271047974,nuc_5,rockpi_18,data_download
103000000,91.07884978834117,nuc_5,nano_21,data_download
108000000,96.80619061783611,registry,nuc_5,docker_pull
103000000,86.81125445401355,nuc_5,coral_11,data_download
103000000,86.15200926756356,nuc_5,nano_46,data_download
103000000,86.86259297342585,nuc_5,rpi4_4,data_download
103000000,86.86258602366632,nuc_5,rpi4_5,data_download
103000000,86.16501814251176,nuc_5,nano_18,data_download
103000000,86.86954418940181,nuc_5,coral_9,data_download
103000000,86.86724702787916,nuc_5,rpi4_12,data_download
