t_fet_start,t_fet_end,t_wait_start,t_wait_end,function_name,function_image,node,replica_id,request_id
128.30348954338848,128.68531602044942,128.00348954338847,128.30348954338848,resnet50-inference,faas-workloads/resnet-inference-gpu,tx2_0,139795516701200,20
128.3031489279959,128.6907813873333,128.00314892799588,128.3031489279959,resnet50-inference,faas-workloads/resnet-inference-gpu,tx2_0,139795516701200,17
128.30227999895536,128.69900415537768,128.00227999895534,128.30227999895536,resnet50-inference,faas-workloads/resnet-inference-gpu,tx2_0,139795516701200,12
128.30130750291616,128.71865389304173,128.00130750291615,128.30130750291616,resnet50-inference,faas-workloads/resnet-inference-gpu,tx2_0,139795516701200,9
128.30075864834612,128.8405399476665,128.0007586483461,128.30075864834612,mobilenet-inference,faas-workloads/mobilenet-inference-tpu,coral_0,139795516718480,2
128.30079320701338,128.84603910965726,128.00079320701337,128.30079320701338,mobilenet-inference,faas-workloads/mobilenet-inference-tpu,coral_0,139795516718480,6
128.30111978848402,128.84648043868012,128.001119788484,128.30111978848402,mobilenet-inference,faas-workloads/mobilenet-inference-tpu,coral_0,139795516718480,7
128.30077119120918,128.85665624392058,128.00077119120917,128.30077119120918,mobilenet-inference,faas-workloads/mobilenet-inference-tpu,coral_0,139795516718480,5
128.6907813873333,129.06991877333454,128.00415779541893,128.6907813873333,resnet50-inference,faas-workloads/resnet-inference-gpu,tx2_0,139795516701200,23
128.68531602044942,129.08116524846298,128.00394226070972,128.68531602044942,resnet50-inference,faas-workloads/resnet-inference-gpu,tx2_0,139795516701200,22
128.69900415537768,129.10722161591664,128.00436138087963,128.69900415537768,resnet50-inference,faas-workloads/resnet-inference-gpu,tx2_0,139795516701200,26
128.80576904167006,129.18575234386577,128.00576904167005,128.80576904167006,resnet50-inference,faas-workloads/resnet-inference-gpu,tx2_0,139795516701200,34
128.8405399476665,129.38392822965784,128.00259984341932,128.8405399476665,mobilenet-inference,faas-workloads/mobilenet-inference-tpu,coral_0,139795516718480,13
128.84603910965726,129.39074325822665,128.00272471055732,128.84603910965726,mobilenet-inference,faas-workloads/mobilenet-inference-tpu,coral_0,139795516718480,14
128.84648043868012,129.4010780477956,128.002776535128,128.84648043868012,mobilenet-inference,faas-workloads/mobilenet-inference-tpu,coral_0,139795516718480,15
128.85665624392058,129.4011545049711,128.0042319537347,128.85665624392058,mobilenet-inference,faas-workloads/mobilenet-inference-tpu,coral_0,139795516718480,24
129.08772755981548,129.50940397555482,128.00647755981547,129.08772755981548,resnet50-inference,faas-workloads/resnet-inference-gpu,tx2_0,139795516701200,37
129.4316628699091,129.8281227207887,128.0066628699091,129.4316628699091,resnet50-inference,faas-workloads/resnet-inference-gpu,tx2_0,139795516701200,38
129.38392822965784,129.92453482334204,128.0047903212645,129.38392822965784,mobilenet-inference,faas-workloads/mobilenet-inference-tpu,coral_0,139795516718480,29
129.43004616018973,129.9706412477332,128.00504616018972,129.43004616018973,mobilenet-inference,faas-workloads/mobilenet-inference-tpu,coral_0,139795516718480,30
129.83803792121364,130.23158538144776,128.00678792121363,129.83803792121364,resnet50-inference,faas-workloads/resnet-inference-gpu,tx2_0,139795516701200,39
129.83635213633002,130.3993986825766,128.00510213633,129.83635213633002,mobilenet-inference,faas-workloads/mobilenet-inference-tpu,coral_0,139795516718480,31
130.30689495425,130.69449470454762,128.00689495425,130.30689495425,resnet50-inference,faas-workloads/resnet-inference-gpu,tx2_0,139795516701200,42
130.30565294278344,130.84599231106938,128.00565294278343,130.30565294278344,mobilenet-inference,faas-workloads/mobilenet-inference-tpu,coral_0,139795516718480,33
130.83830725370387,131.23847040445844,128.00705725370386,130.83830725370387,resnet50-inference,faas-workloads/resnet-inference-gpu,tx2_0,139795516701200,43
130.8377243988848,131.3940667973937,128.0064743988848,130.8377243988848,mobilenet-inference,faas-workloads/mobilenet-inference-tpu,coral_0,139795516718480,36
131.43286205065064,131.83592131611454,128.00786205065063,131.43286205065064,resnet50-inference,faas-workloads/resnet-inference-gpu,tx2_0,139795516701200,50
131.43226040325624,131.97705900589222,128.00726040325623,131.43226040325624,mobilenet-inference,faas-workloads/mobilenet-inference-tpu,coral_0,139795516718480,46
132.09080511610952,132.476231500881,128.0095551161095,132.09080511610952,resnet50-inference,faas-workloads/resnet-inference-gpu,tx2_0,139795516701200,54
132.08882784125223,132.63218356151307,128.0075778412522,132.08882784125223,mobilenet-inference,faas-workloads/mobilenet-inference-tpu,coral_0,139795516718480,47
132.81015260698592,133.1954487124249,128.0101526069859,132.81015260698592,resnet50-inference,faas-workloads/resnet-inference-gpu,tx2_0,139795516701200,59
132.80769791444283,133.34903182181944,128.00769791444282,132.80769791444283,mobilenet-inference,faas-workloads/mobilenet-inference-tpu,coral_0,139795516718480,48
133.59201546647432,133.97632524645368,128.0107654664743,133.59201546647432,resnet50-inference,faas-workloads/resnet-inference-gpu,tx2_0,139795516701200,64
133.5900103241462,134.13642677213434,128.00876032414618,133.5900103241462,mobilenet-inference,faas-workloads/mobilenet-inference-tpu,coral_0,139795516718480,52
134.4362420405745,134.82933681955296,128.0112420405745,134.4362420405745,resnet50-inference,faas-workloads/resnet-inference-gpu,tx2_0,139795516701200,66
134.43484780218276,134.98663808873297,128.00984780218275,134.43484780218276,mobilenet-inference,faas-workloads/mobilenet-inference-tpu,coral_0,139795516718480,55
135.34256369587627,135.72612696555757,128.01131369587625,135.34256369587627,resnet50-inference,faas-workloads/resnet-inference-gpu,tx2_0,139795516701200,68
135.34132792123685,135.89743370543565,128.01007792123684,135.34132792123685,mobilenet-inference,faas-workloads/mobilenet-inference-tpu,coral_0,139795516718480,57
136.3114119835795,136.70969597392158,128.01141198357948,136.3114119835795,resnet50-inference,faas-workloads/resnet-inference-gpu,tx2_0,139795516701200,69
136.31032027602387,136.85075719915946,128.01032027602386,136.31032027602387,mobilenet-inference,faas-workloads/mobilenet-inference-tpu,coral_0,139795516718480,60
137.34286387873877,137.7419801419344,128.01161387873876,137.34286387873877,resnet50-inference,faas-workloads/resnet-inference-gpu,tx2_0,139795516701200,70
137.34200757225867,137.88647634553587,128.01075757225865,137.34200757225867,mobilenet-inference,faas-workloads/mobilenet-inference-tpu,coral_0,139795516718480,63
138.4369998459296,138.83068840306376,128.01199984592958,138.4369998459296,resnet50-inference,faas-workloads/resnet-inference-gpu,tx2_0,139795516701200,74
138.43626493705491,138.99603918768523,128.0112649370549,138.43626493705491,mobilenet-inference,faas-workloads/mobilenet-inference-tpu,coral_0,139795516718480,67
139.59325242450907,139.9791130743636,128.01200242450906,139.59325242450907,resnet50-inference,faas-workloads/resnet-inference-gpu,tx2_0,139795516701200,75
139.5930642839252,140.1259624431551,128.0118142839252,139.5930642839252,mobilenet-inference,faas-workloads/mobilenet-inference-tpu,coral_0,139795516718480,72
140.81215072355883,141.19826654474676,128.01215072355882,140.81215072355883,resnet50-inference,faas-workloads/resnet-inference-gpu,tx2_0,139795516701200,76
140.81181636287002,141.3519893586362,128.01181636287,140.81181636287002,mobilenet-inference,faas-workloads/mobilenet-inference-tpu,coral_0,139795516718480,73
142.09389183491604,142.5254451779643,128.01264183491602,142.09389183491604,resnet50-inference,faas-workloads/resnet-inference-gpu,tx2_0,139795516701200,80
142.09386809456822,142.64881604226588,128.0126180945682,142.09386809456822,mobilenet-inference,faas-workloads/mobilenet-inference-tpu,coral_0,139795516718480,79
143.43765229045633,143.8403433421293,128.01265229045632,143.43765229045633,resnet50-inference,faas-workloads/resnet-inference-gpu,tx2_0,139795516701200,82
143.43780768490208,143.97992967906154,128.01280768490207,143.43780768490208,mobilenet-inference,faas-workloads/mobilenet-inference-tpu,coral_0,139795516718480,84
128.30122822019285,144.79685916144314,128.00122822019284,128.30122822019285,speech-inference,faas-workloads/speech-inference-tflite,rpi3_3,139795515458832,8
128.30076672814775,144.82810487471954,128.00076672814774,128.30076672814775,speech-inference,faas-workloads/speech-inference-tflite,rpi3_3,139795515458832,4
128.3007643899998,145.207754577587,128.0007643899998,128.3007643899998,speech-inference,faas-workloads/speech-inference-tflite,rpi3_3,139795515458832,3
128.30026954717198,145.23018526018498,128.00026954717197,128.30026954717198,speech-inference,faas-workloads/speech-inference-tflite,rpi3_3,139795515458832,1
144.84413944278836,145.23084157860976,128.01288944278835,144.84413944278836,resnet50-inference,faas-workloads/resnet-inference-gpu,tx2_0,139795516701200,85
144.8443035060201,145.39530581953323,128.0130535060201,144.8443035060201,mobilenet-inference,faas-workloads/mobilenet-inference-tpu,coral_0,139795516718480,88
146.31302347667338,146.69557625299268,128.01302347667337,146.31302347667338,resnet50-inference,faas-workloads/resnet-inference-gpu,tx2_0,139795516701200,87
146.3146870800239,146.86852311609184,128.0146870800239,146.3146870800239,mobilenet-inference,faas-workloads/mobilenet-inference-tpu,coral_0,139795516718480,96
147.8447099126808,148.22625146185206,128.0134599126808,147.8447099126808,resnet50-inference,faas-workloads/resnet-inference-gpu,tx2_0,139795516701200,90
147.84613652602778,148.38968586543942,128.01488652602777,147.84613652602778,mobilenet-inference,faas-workloads/mobilenet-inference-tpu,coral_0,139795516718480,97
149.43964334458204,149.8329688160021,128.01464334458203,149.43964334458204,resnet50-inference,faas-workloads/resnet-inference-gpu,tx2_0,139795516701200,95
149.44039125341428,149.99721712663847,128.01539125341426,149.44039125341428,mobilenet-inference,faas-workloads/mobilenet-inference-tpu,coral_0,139795516718480,100
151.09640289085334,151.493579119673,128.01515289085333,151.09640289085334,resnet50-inference,faas-workloads/resnet-inference-gpu,tx2_0,139795516701200,98
151.09664569858404,151.6693439042792,128.01539569858403,151.09664569858404,mobilenet-inference,faas-workloads/mobilenet-inference-tpu,coral_0,139795516718480,101
152.8156919881648,153.20342119841698,128.01569198816478,152.8156919881648,resnet50-inference,faas-workloads/resnet-inference-gpu,tx2_0,139795516701200,103
152.81588650142908,153.38457734153545,128.01588650142907,152.81588650142908,mobilenet-inference,faas-workloads/mobilenet-inference-tpu,coral_0,139795516718480,105
154.59700542537857,154.98302239408048,128.01575542537856,154.59700542537857,resnet50-inference,faas-workloads/resnet-inference-gpu,tx2_0,139795516701200,104
154.5974864443551,155.1488036593944,128.0162364443551,154.5974864443551,mobilenet-inference,faas-workloads/mobilenet-inference-tpu,coral_0,139795516718480,108
156.4409281575952,156.8216134092523,128.0159281575952,156.4409281575952,resnet50-inference,faas-workloads/resnet-inference-gpu,tx2_0,139795516701200,106
156.44244707412838,156.97905424137622,128.01744707412837,156.44244707412838,mobilenet-inference,faas-workloads/mobilenet-inference-tpu,coral_0,139795516718480,113
158.34737236040343,158.72489290419426,128.01612236040341,158.34737236040343,resnet50-inference,faas-workloads/resnet-inference-gpu,tx2_0,139795516701200,107
158.34877152828517,158.9066273097772,128.01752152828516,158.34877152828517,mobilenet-inference,faas-workloads/mobilenet-inference-tpu,coral_0,139795516718480,114
128.47681276196568,160.3983420096165,128.17681276196566,128.47681276196568,resnet50-preprocessing,faas-workloads/resnet-preprocessing,rpi3_4,139795515462176,1066
160.31780994384974,160.70981561249332,128.01780994384976,160.31780994384974,resnet50-inference,faas-workloads/resnet-inference-gpu,tx2_0,139795516701200,116
160.31802986561246,160.86819962091562,128.01802986561245,160.31802986561246,mobilenet-inference,faas-workloads/mobilenet-inference-tpu,coral_0,139795516718480,118
130.67401366467405,160.87233992339821,130.37401366467404,130.67401366467405,resnet50-preprocessing,faas-workloads/resnet-preprocessing,rpi3_4,139795515462176,14172
144.79685916144314,161.5593200030387,128.00145238302252,144.79685916144314,speech-inference,faas-workloads/speech-inference-tflite,rpi3_3,139795515458832,10
144.82810487471954,161.62062968893156,128.00173116304333,144.82810487471954,speech-inference,faas-workloads/speech-inference-tflite,rpi3_3,139795515458832,11
145.23018526018498,161.84405119672456,128.00314933578005,145.23018526018498,speech-inference,faas-workloads/speech-inference-tflite,rpi3_3,139795515458832,18
132.68955049903428,162.35630211797826,132.38955049903427,132.68955049903428,resnet50-preprocessing,faas-workloads/resnet-preprocessing,rpi3_4,139795515462176,26365
145.207754577587,162.42264940257402,128.0030759834955,145.207754577587,speech-inference,faas-workloads/speech-inference-tflite,rpi3_3,139795515458832,16
162.34968932273296,162.75046645974328,128.01843932273297,162.34968932273296,resnet50-inference,faas-workloads/resnet-inference-gpu,tx2_0,139795516701200,122
162.34930567784454,162.89688135712674,128.01805567784453,162.34930567784454,mobilenet-inference,faas-workloads/mobilenet-inference-tpu,coral_0,139795516718480,119
132.62139102801885,163.0700279144242,132.32139102801884,132.62139102801885,resnet50-preprocessing,faas-workloads/resnet-preprocessing,rpi3_4,139795515462176,25934
164.44355428997733,164.830857431529,128.01855428997735,164.44355428997733,resnet50-inference,faas-workloads/resnet-inference-gpu,tx2_0,139795516701200,123
164.44469645266906,164.98457920101134,128.01969645266905,164.44469645266906,mobilenet-inference,faas-workloads/mobilenet-inference-tpu,coral_0,139795516718480,130
166.60108045696654,166.9813914225102,128.01983045696656,166.60108045696654,resnet50-inference,faas-workloads/resnet-inference-gpu,tx2_0,139795516701200,131
166.6012107219202,167.17493559610253,128.01996072192023,166.6012107219202,mobilenet-inference,faas-workloads/mobilenet-inference-tpu,coral_0,139795516718480,133
168.8198549370179,169.20364915938697,128.0198549370179,168.8198549370179,resnet50-inference,faas-workloads/resnet-inference-gpu,tx2_0,139795516701200,132
168.82055637537758,169.3542520688718,128.02055637537757,168.82055637537758,mobilenet-inference,faas-workloads/mobilenet-inference-tpu,coral_0,139795516718480,135
171.10143983790334,171.49217338712242,128.02018983790336,171.10143983790334,resnet50-inference,faas-workloads/resnet-inference-gpu,tx2_0,139795516701200,134
171.10318249727703,171.66142620203627,128.02193249727705,171.10318249727703,mobilenet-inference,faas-workloads/mobilenet-inference-tpu,coral_0,139795516718480,141
173.44563188527485,173.8319185966825,128.02063188527487,173.44563188527485,resnet50-inference,faas-workloads/resnet-inference-gpu,tx2_0,139795516701200,136
173.44733476259478,173.9958761324709,128.0223347625948,173.44733476259478,mobilenet-inference,faas-workloads/mobilenet-inference-tpu,coral_0,139795516718480,144
175.85246754617293,176.24762828849742,128.02121754617292,175.85246754617293,resnet50-inference,faas-workloads/resnet-inference-gpu,tx2_0,139795516701200,137
175.85359909663725,176.3953467379716,128.02234909663724,175.85359909663725,mobilenet-inference,faas-workloads/mobilenet-inference-tpu,coral_0,139795516718480,145
161.62062968893156,177.97221140559898,128.00390281117674,161.62062968893156,speech-inference,faas-workloads/speech-inference-tflite,rpi3_3,139795515458832,21
161.5593200030387,178.29461395847127,128.0034462318245,161.5593200030387,speech-inference,faas-workloads/speech-inference-tflite,rpi3_3,139795515458832,19
178.32141955389056,178.70106851639173,128.02141955389055,178.32141955389056,resnet50-inference,faas-workloads/resnet-inference-gpu,tx2_0,139795516701200,138
161.84405119672456,178.84365279975447,128.00423444077063,161.84405119672456,speech-inference,faas-workloads/speech-inference-tflite,rpi3_3,139795515458832,25
178.32244922096942,178.86911035072296,128.02244922096943,178.32244922096942,mobilenet-inference,faas-workloads/mobilenet-inference-tpu,coral_0,139795516718480,147
162.42264940257402,179.11478017520204,128.00452926499574,162.42264940257402,speech-inference,faas-workloads/speech-inference-tflite,rpi3_3,139795515458832,27
180.85345604080896,181.24229750067016,128.02220604080898,180.85345604080896,resnet50-inference,faas-workloads/resnet-inference-gpu,tx2_0,139795516701200,143
180.85464622150573,181.40239887221,128.02339622150575,180.85464622150573,mobilenet-inference,faas-workloads/mobilenet-inference-tpu,coral_0,139795516718480,155
183.44740073844082,183.85110640728792,128.02240073844084,183.44740073844082,resnet50-inference,faas-workloads/resnet-inference-gpu,tx2_0,139795516701200,146
183.44903625807677,183.9993968808159,128.0240362580768,183.44903625807677,mobilenet-inference,faas-workloads/mobilenet-inference-tpu,coral_0,139795516718480,160
186.10424646912674,186.49025575731207,128.02299646912672,186.10424646912674,resnet50-inference,faas-workloads/resnet-inference-gpu,tx2_0,139795516701200,149
186.10563202123882,186.66384057119362,128.02438202123884,186.10563202123882,mobilenet-inference,faas-workloads/mobilenet-inference-tpu,coral_0,139795516718480,162
188.82301874028173,189.22847842467328,128.02301874028174,188.82301874028173,resnet50-inference,faas-workloads/resnet-inference-gpu,tx2_0,139795516701200,150
188.82501039402615,189.36795359642372,128.02501039402614,188.82501039402615,mobilenet-inference,faas-workloads/mobilenet-inference-tpu,coral_0,139795516718480,165
160.3983420096165,190.72645698814165,133.70940654739073,160.3983420096165,resnet50-preprocessing,faas-workloads/resnet-preprocessing,rpi3_4,139795515462176,34266
160.87233992339821,191.3242149778771,133.85397596151773,160.87233992339821,resnet50-preprocessing,faas-workloads/resnet-preprocessing,rpi3_4,139795515462176,35082
191.60444973335814,192.0003648197461,128.02319973335815,191.60444973335814,resnet50-inference,faas-workloads/resnet-inference-gpu,tx2_0,139795516701200,152
191.60630877741187,192.1491768981401,128.02505877741189,191.60630877741187,mobilenet-inference,faas-workloads/mobilenet-inference-tpu,coral_0,139795516718480,166
162.35630211797826,192.94990539955245,134.63805193126927,162.35630211797826,resnet50-preprocessing,faas-workloads/resnet-preprocessing,rpi3_4,139795515462176,39845
163.0700279144242,193.05839808776543,135.47726680796143,163.0700279144242,resnet50-preprocessing,faas-workloads/resnet-preprocessing,rpi3_4,139795515462176,44859
178.29461395847127,194.32622131999543,128.00513688994226,178.29461395847127,speech-inference,faas-workloads/speech-inference-tflite,rpi3_3,139795515458832,32
177.97221140559898,194.61166447827134,128.00465426885393,177.97221140559898,speech-inference,faas-workloads/speech-inference-tflite,rpi3_3,139795515458832,28
194.44819990088735,194.8381228010808,128.02319990088736,194.44819990088735,resnet50-inference,faas-workloads/resnet-inference-gpu,tx2_0,139795516701200,153
194.45101211401743,194.9932127631498,128.02601211401742,194.45101211401743,mobilenet-inference,faas-workloads/mobilenet-inference-tpu,coral_0,139795516718480,173
178.84365279975447,195.1592705772614,128.0061920487323,178.84365279975447,speech-inference,faas-workloads/speech-inference-tflite,rpi3_3,139795515458832,35
179.11478017520204,195.88576419090407,128.00680374683995,179.11478017520204,speech-inference,faas-workloads/speech-inference-tflite,rpi3_3,139795515458832,40
197.3546312192599,197.75442979691672,128.0233812192599,197.3546312192599,resnet50-inference,faas-workloads/resnet-inference-gpu,tx2_0,139795516701200,154
197.35761478491537,197.89407925219476,128.02636478491536,197.35761478491537,mobilenet-inference,faas-workloads/mobilenet-inference-tpu,coral_0,139795516718480,176
200.3238667761189,200.7139625917073,128.02386677611892,200.3238667761189,resnet50-inference,faas-workloads/resnet-inference-gpu,tx2_0,139795516701200,159
200.3270590105014,200.86334007166502,128.0270590105014,200.3270590105014,mobilenet-inference,faas-workloads/mobilenet-inference-tpu,coral_0,139795516718480,179
203.35528833794712,203.7431702513582,128.02403833794713,203.35528833794712,resnet50-inference,faas-workloads/resnet-inference-gpu,tx2_0,139795516701200,161
203.3583813245644,203.91564087272823,128.02713132456438,203.3583813245644,mobilenet-inference,faas-workloads/mobilenet-inference-tpu,coral_0,139795516718480,180
206.44966855080008,206.83656849737542,128.0246685508001,206.44966855080008,resnet50-inference,faas-workloads/resnet-inference-gpu,tx2_0,139795516701200,163
206.45256830196064,207.0208936844153,128.02756830196063,206.45256830196064,mobilenet-inference,faas-workloads/mobilenet-inference-tpu,coral_0,139795516718480,183
209.6062193588799,209.99235971103064,128.02496935887993,209.6062193588799,resnet50-inference,faas-workloads/resnet-inference-gpu,tx2_0,139795516701200,164
209.60942385527818,210.17918876874998,128.0281738552782,209.60942385527818,mobilenet-inference,faas-workloads/mobilenet-inference-tpu,coral_0,139795516718480,185
194.32622131999543,211.3004888901539,128.00686021746472,194.32622131999543,speech-inference,faas-workloads/speech-inference-tflite,rpi3_3,139795515458832,41
194.61166447827134,211.3503260272177,128.00714660358014,194.61166447827134,speech-inference,faas-workloads/speech-inference-tflite,rpi3_3,139795515458832,44
195.1592705772614,212.02006449007598,128.00718328793883,195.1592705772614,speech-inference,faas-workloads/speech-inference-tflite,rpi3_3,139795515458832,45
195.88576419090407,213.00332070909235,128.0077499346759,195.88576419090407,speech-inference,faas-workloads/speech-inference-tflite,rpi3_3,139795515458832,49
212.82543523439188,213.20750754064304,128.02543523439186,212.82543523439188,resnet50-inference,faas-workloads/resnet-inference-gpu,tx2_0,139795516701200,168
212.82836954891525,213.37784890604195,128.02836954891526,212.82836954891525,mobilenet-inference,faas-workloads/mobilenet-inference-tpu,coral_0,139795516718480,187
216.1067458473854,216.49464466194644,128.0254958473854,216.1067458473854,resnet50-inference,faas-workloads/resnet-inference-gpu,tx2_0,139795516701200,169
216.11010575328788,216.65327789569622,128.0288557532879,216.11010575328788,mobilenet-inference,faas-workloads/mobilenet-inference-tpu,coral_0,139795516718480,190
219.4508847336919,219.83393195259424,128.0258847336919,219.4508847336919,resnet50-inference,faas-workloads/resnet-inference-gpu,tx2_0,139795516701200,170
219.45402691545087,219.997393779218,128.02902691545086,219.45402691545087,mobilenet-inference,faas-workloads/mobilenet-inference-tpu,coral_0,139795516718480,192
191.3242149778771,221.32573882487688,137.29396271149395,191.3242149778771,resnet50-preprocessing,faas-workloads/resnet-preprocessing,rpi3_4,139795515462176,55783
190.72645698814165,221.37544689042153,136.2362521646721,190.72645698814165,resnet50-preprocessing,faas-workloads/resnet-preprocessing,rpi3_4,139795515462176,49381
222.85720328302318,223.2382148879026,128.02595328302317,222.85720328302318,resnet50-inference,faas-workloads/resnet-inference-gpu,tx2_0,139795516701200,171
192.94990539955245,223.34654581758915,137.32165869322878,192.94990539955245,resnet50-preprocessing,faas-workloads/resnet-preprocessing,rpi3_4,139795515462176,55936
222.8612387694876,223.40607408196132,128.02998876948763,222.8612387694876,mobilenet-inference,faas-workloads/mobilenet-inference-tpu,coral_0,139795516718480,195
193.05839808776543,223.55414112629114,137.7022444750634,193.05839808776543,resnet50-preprocessing,faas-workloads/resnet-preprocessing,rpi3_4,139795515462176,58162
226.32604791276577,226.72064697647474,128.02604791276576,226.32604791276577,resnet50-inference,faas-workloads/resnet-inference-gpu,tx2_0,139795516701200,174
226.3300081475407,226.88167702861918,128.03000814754068,226.3300081475407,mobilenet-inference,faas-workloads/mobilenet-inference-tpu,coral_0,139795516718480,196
211.3503260272177,227.54496212101085,128.00921114524806,211.3503260272177,speech-inference,faas-workloads/speech-inference-tflite,rpi3_3,139795515458832,53
211.3004888901539,227.95920906934916,128.00867071444455,211.3004888901539,speech-inference,faas-workloads/speech-inference-tflite,rpi3_3,139795515458832,51
212.02006449007598,228.48696651674987,128.0099782414807,212.02006449007598,speech-inference,faas-workloads/speech-inference-tflite,rpi3_3,139795515458832,56
213.00332070909235,229.39336512826978,128.01010171550635,213.00332070909235,speech-inference,faas-workloads/speech-inference-tflite,rpi3_3,139795515458832,58
229.85849151335736,230.27714721294143,128.02724151335735,229.85849151335736,resnet50-inference,faas-workloads/resnet-inference-gpu,tx2_0,139795516701200,181
229.86170046615285,230.39419245358434,128.03045046615284,229.86170046615285,mobilenet-inference,faas-workloads/mobilenet-inference-tpu,coral_0,139795516718480,198
233.45347778231985,233.84922322807756,128.02847778231987,233.45347778231985,resnet50-inference,faas-workloads/resnet-inference-gpu,tx2_0,139795516701200,188
233.45886429812708,234.0096348275395,128.0338642981271,233.45886429812708,mobilenet-inference,faas-workloads/mobilenet-inference-tpu,coral_0,139795516718480,214
237.11144022101706,237.49565013391557,128.03019022101708,237.11144022101706,resnet50-inference,faas-workloads/resnet-inference-gpu,tx2_0,139795516701200,197
237.11618855591632,237.67468449287514,128.0349385559163,237.11618855591632,mobilenet-inference,faas-workloads/mobilenet-inference-tpu,coral_0,139795516718480,220
240.8306163645596,241.2371970067424,128.03061636455962,240.8306163645596,resnet50-inference,faas-workloads/resnet-inference-gpu,tx2_0,139795516701200,199
240.83516313446955,241.378266056478,128.03516313446954,240.83516313446955,mobilenet-inference,faas-workloads/mobilenet-inference-tpu,coral_0,139795516718480,224
227.95920906934916,244.26621482496395,128.0104721512526,227.95920906934916,speech-inference,faas-workloads/speech-inference-tflite,rpi3_3,139795515458832,62
227.54496212101085,244.36675704056995,128.01036689290865,227.54496212101085,speech-inference,faas-workloads/speech-inference-tflite,rpi3_3,139795515458832,61
244.61210412413942,244.9980820875474,128.0308541241394,244.61210412413942,resnet50-inference,faas-workloads/resnet-inference-gpu,tx2_0,139795516701200,200
244.61691479770326,245.174032539968,128.03566479770325,244.61691479770326,mobilenet-inference,faas-workloads/mobilenet-inference-tpu,coral_0,139795516718480,226
228.48696651674987,245.6845507564939,128.010968870519,228.48696651674987,speech-inference,faas-workloads/speech-inference-tflite,rpi3_3,139795515458832,65
229.39336512826978,246.14557120973186,128.0117495128694,229.39336512826978,speech-inference,faas-workloads/speech-inference-tflite,rpi3_3,139795515458832,71
248.45589799849915,248.84397144819982,128.03089799849917,248.45589799849915,resnet50-inference,faas-workloads/resnet-inference-gpu,tx2_0,139795516701200,201
248.4609897039927,249.00403092559336,128.03598970399273,248.4609897039927,mobilenet-inference,faas-workloads/mobilenet-inference-tpu,coral_0,139795516718480,227
221.32573882487688,251.18064868872517,138.87149658096095,221.32573882487688,resnet50-preprocessing,faas-workloads/resnet-preprocessing,rpi3_4,139795515462176,65226
252.36232547744527,252.74286104865976,128.03107547744526,252.36232547744527,resnet50-inference,faas-workloads/resnet-inference-gpu,tx2_0,139795516701200,203
252.36727869469001,252.9055871304199,128.03602869469003,252.36727869469001,mobilenet-inference,faas-workloads/mobilenet-inference-tpu,coral_0,139795516718480,228
221.37544689042153,253.2800355886859,141.0725616223279,221.37544689042153,resnet50-preprocessing,faas-workloads/resnet-preprocessing,rpi3_4,139795515462176,78633
223.34654581758915,253.70663015559032,141.9682158966627,223.34654581758915,resnet50-preprocessing,faas-workloads/resnet-preprocessing,rpi3_4,139795515462176,84146
223.55414112629114,254.14939202019306,142.22932109947257,223.55414112629114,resnet50-preprocessing,faas-workloads/resnet-preprocessing,rpi3_4,139795515462176,85654
256.33162006896276,256.7170114670862,128.03162006896275,256.33162006896276,resnet50-inference,faas-workloads/resnet-inference-gpu,tx2_0,139795516701200,204
256.3364386369876,256.8931254417561,128.0364386369876,256.3364386369876,mobilenet-inference,faas-workloads/mobilenet-inference-tpu,coral_0,139795516718480,229
244.26621482496395,260.6308571302723,128.01244515871934,244.26621482496395,speech-inference,faas-workloads/speech-inference-tflite,rpi3_3,139795515458832,77
260.3640037203028,260.7808323948331,128.03275372030276,260.3640037203028,resnet50-inference,faas-workloads/resnet-inference-gpu,tx2_0,139795516701200,209
244.36675704056995,260.80559694525516,128.01251512692141,244.36675704056995,speech-inference,faas-workloads/speech-inference-tflite,rpi3_3,139795515458832,78
260.36883745673504,260.9064936787405,128.03758745673505,260.36883745673504,mobilenet-inference,faas-workloads/mobilenet-inference-tpu,coral_0,139795516718480,233
245.6845507564939,262.02144390569913,128.0126474958446,245.6845507564939,speech-inference,faas-workloads/speech-inference-tflite,rpi3_3,139795515458832,81
246.14557120973186,262.5677033550104,128.01276748262333,246.14557120973186,speech-inference,faas-workloads/speech-inference-tflite,rpi3_3,139795515458832,83
264.4582528887871,264.8433485942318,128.03325288878713,264.4582528887871,resnet50-inference,faas-workloads/resnet-inference-gpu,tx2_0,139795516701200,210
264.46302909163154,265.00889632151336,128.03802909163153,264.46302909163154,mobilenet-inference,faas-workloads/mobilenet-inference-tpu,coral_0,139795516718480,234
268.61492765869696,269.0107641175174,128.03367765869692,268.61492765869696,resnet50-inference,faas-workloads/resnet-inference-gpu,tx2_0,139795516701200,212
268.6211586292883,269.1668369197106,128.03990862928828,268.6211586292883,mobilenet-inference,faas-workloads/mobilenet-inference-tpu,coral_0,139795516718480,245
272.8338515773037,273.2192629549193,128.0338515773037,272.8338515773037,resnet50-inference,faas-workloads/resnet-inference-gpu,tx2_0,139795516701200,213
272.83995997772274,273.4125375873174,128.0399599777227,272.83995997772274,mobilenet-inference,faas-workloads/mobilenet-inference-tpu,coral_0,139795516718480,247
260.80559694525516,276.81423429692654,128.01331278778133,260.80559694525516,speech-inference,faas-workloads/speech-inference-tflite,rpi3_3,139795515458832,89
260.6308571302723,277.22149880075716,128.01297035145484,260.6308571302723,speech-inference,faas-workloads/speech-inference-tflite,rpi3_3,139795515458832,86
277.11522581787517,277.505105766728,128.03397581787513,277.11522581787517,resnet50-inference,faas-workloads/resnet-inference-gpu,tx2_0,139795516701200,215
277.1215262782352,277.6608586754397,128.04027627823518,277.1215262782352,mobilenet-inference,faas-workloads/mobilenet-inference-tpu,coral_0,139795516718480,251
262.02144390569913,278.27689900682327,128.01372806675803,262.02144390569913,speech-inference,faas-workloads/speech-inference-tflite,rpi3_3,139795515458832,91
262.5677033550104,278.9901315095071,128.01386288788666,262.5677033550104,speech-inference,faas-workloads/speech-inference-tflite,rpi3_3,139795515458832,92
251.18064868872517,281.1387327132152,142.7578408293164,251.18064868872517,resnet50-preprocessing,faas-workloads/resnet-preprocessing,rpi3_4,139795515462176,88816
281.45976045151565,281.87595648944597,128.03476045151567,281.45976045151565,resnet50-inference,faas-workloads/resnet-inference-gpu,tx2_0,139795516701200,217
281.4655206348198,282.020329903158,128.0405206348198,281.4655206348198,mobilenet-inference,faas-workloads/mobilenet-inference-tpu,coral_0,139795516718480,252
253.70663015559032,283.7054285228819,145.22153591102264,253.70663015559032,resnet50-preprocessing,faas-workloads/resnet-preprocessing,rpi3_4,139795515462176,103680
254.14939202019306,284.0402774739183,147.67860061769397,254.14939202019306,resnet50-preprocessing,faas-workloads/resnet-preprocessing,rpi3_4,139795515462176,118458
253.2800355886859,284.39094127450846,145.15332278661728,253.2800355886859,resnet50-preprocessing,faas-workloads/resnet-preprocessing,rpi3_4,139795515462176,103261
285.8660470271685,286.25776434709957,128.03479702716848,285.8660470271685,resnet50-inference,faas-workloads/resnet-inference-gpu,tx2_0,139795516701200,218
285.87179049313886,286.4280729876441,128.04054049313888,285.87179049313886,mobilenet-inference,faas-workloads/mobilenet-inference-tpu,coral_0,139795516718480,253
290.33480166412903,290.719343337194,128.03480166412902,290.33480166412903,resnet50-inference,faas-workloads/resnet-inference-gpu,tx2_0,139795516701200,219
290.3411827822492,290.89014361266845,128.04118278224917,290.3411827822492,mobilenet-inference,faas-workloads/mobilenet-inference-tpu,coral_0,139795516718480,255
276.81423429692654,292.9869157768601,128.01402868733885,276.81423429692654,speech-inference,faas-workloads/speech-inference-tflite,rpi3_3,139795515458832,93
277.22149880075716,293.42342737120134,128.01422947987982,277.22149880075716,speech-inference,faas-workloads/speech-inference-tflite,rpi3_3,139795515458832,94
294.86640861858814,295.2503699009327,128.03515861858813,294.86640861858814,resnet50-inference,faas-workloads/resnet-inference-gpu,tx2_0,139795516701200,223
294.8729042688399,295.42388364653647,128.0416542688399,294.8729042688399,mobilenet-inference,faas-workloads/mobilenet-inference-tpu,coral_0,139795516718480,256
278.9901315095071,295.5313091006026,128.01564926373942,278.9901315095071,speech-inference,faas-workloads/speech-inference-tflite,rpi3_3,139795515458832,102
278.27689900682327,295.5468060659888,128.01530173500885,278.27689900682327,speech-inference,faas-workloads/speech-inference-tflite,rpi3_3,139795515458832,99
299.46022415370487,299.8535485545507,128.03522415370486,299.46022415370487,resnet50-inference,faas-workloads/resnet-inference-gpu,tx2_0,139795516701200,225
299.4669084813888,300.01835186693097,128.04190848138884,299.4669084813888,mobilenet-inference,faas-workloads/mobilenet-inference-tpu,coral_0,139795516718480,258
304.11876806080534,304.51229294334775,128.03751806080535,304.11876806080534,resnet50-inference,faas-workloads/resnet-inference-gpu,tx2_0,139795516701200,232
304.1235023481133,304.67656314456775,128.04225234811327,304.1235023481133,mobilenet-inference,faas-workloads/mobilenet-inference-tpu,coral_0,139795516718480,261
308.8384586088374,309.22472323115727,128.03845860883743,308.8384586088374,resnet50-inference,faas-workloads/resnet-inference-gpu,tx2_0,139795516701200,236
308.8422628500804,309.3874456735317,128.04226285008033,308.8422628500804,mobilenet-inference,faas-workloads/mobilenet-inference-tpu,coral_0,139795516718480,262
292.9869157768601,309.59698477772497,128.0162595391024,292.9869157768601,speech-inference,faas-workloads/speech-inference-tflite,rpi3_3,139795515458832,109
293.42342737120134,310.27511721980795,128.01673370579257,293.42342737120134,speech-inference,faas-workloads/speech-inference-tflite,rpi3_3,139795515458832,110
295.5468060659888,311.8499642026444,128.01696498932006,295.5468060659888,speech-inference,faas-workloads/speech-inference-tflite,rpi3_3,139795515458832,112
295.5313091006026,311.95239528777273,128.01680053556763,295.5313091006026,speech-inference,faas-workloads/speech-inference-tflite,rpi3_3,139795515458832,111
281.1387327132152,312.27438230321764,148.9718909160559,281.1387327132152,resnet50-preprocessing,faas-workloads/resnet-preprocessing,rpi3_4,139795515462176,126161
283.7054285228819,313.42638466688675,151.5760205016981,283.7054285228819,resnet50-preprocessing,faas-workloads/resnet-preprocessing,rpi3_4,139795515462176,141542
313.6199433608464,314.0012518454603,128.0386933608464,313.6199433608464,resnet50-inference,faas-workloads/resnet-inference-gpu,tx2_0,139795516701200,239
313.62484801358937,314.1781773457418,128.04359801358936,313.62484801358937,mobilenet-inference,faas-workloads/mobilenet-inference-tpu,coral_0,139795516718480,269
284.0402774739183,314.40103760068797,151.7861321549018,284.0402774739183,resnet50-preprocessing,faas-workloads/resnet-preprocessing,rpi3_4,139795515462176,142768
284.39094127450846,314.48471413164003,153.96889779787463,284.39094127450846,resnet50-preprocessing,faas-workloads/resnet-preprocessing,rpi3_4,139795515462176,155651
318.4649280328741,318.859832785936,128.03992803287414,318.4649280328741,resnet50-inference,faas-workloads/resnet-inference-gpu,tx2_0,139795516701200,246
318.46873171459504,319.02070583906635,128.043731714595,318.46873171459504,mobilenet-inference,faas-workloads/mobilenet-inference-tpu,coral_0,139795516718480,271
323.37134362122,323.766175367701,128.04009362121997,323.37134362122,resnet50-inference,faas-workloads/resnet-inference-gpu,tx2_0,139795516701200,248
323.37539771085056,323.92461685874815,128.04414771085055,323.37539771085056,mobilenet-inference,faas-workloads/mobilenet-inference-tpu,coral_0,139795516718480,272
309.59698477772497,325.93186051741634,128.0176694783415,309.59698477772497,speech-inference,faas-workloads/speech-inference-tflite,rpi3_3,139795515458832,115
310.27511721980795,326.6273369740463,128.01796382690307,310.27511721980795,speech-inference,faas-workloads/speech-inference-tflite,rpi3_3,139795515458832,117
311.95239528777273,328.16701154411527,128.01821302740106,311.95239528777273,speech-inference,faas-workloads/speech-inference-tflite,rpi3_3,139795515458832,121
311.8499642026444,328.422689484242,128.01815518972123,311.8499642026444,speech-inference,faas-workloads/speech-inference-tflite,rpi3_3,139795515458832,120
328.34216774816343,328.7456288492348,128.0421677481634,328.34216774816343,resnet50-inference,faas-workloads/resnet-inference-gpu,tx2_0,139795516701200,260
328.3446535213765,328.8888359991801,128.04465352137643,328.3446535213765,mobilenet-inference,faas-workloads/mobilenet-inference-tpu,coral_0,139795516718480,275
333.3739035856722,333.75707345915976,128.0426535856722,333.3739035856722,resnet50-inference,faas-workloads/resnet-inference-gpu,tx2_0,139795516701200,264
333.37609843046914,333.928967701625,128.0448484304691,333.37609843046914,mobilenet-inference,faas-workloads/mobilenet-inference-tpu,coral_0,139795516718480,276
338.46848732965486,338.8566336149464,128.04348732965482,338.46848732965486,resnet50-inference,faas-workloads/resnet-inference-gpu,tx2_0,139795516701200,267
338.4702316534229,339.02023983518257,128.0452316534229,338.4702316534229,mobilenet-inference,faas-workloads/mobilenet-inference-tpu,coral_0,139795516718480,277
325.93186051741634,342.27389331102495,128.0186175433111,325.93186051741634,speech-inference,faas-workloads/speech-inference-tflite,rpi3_3,139795515458832,124
326.6273369740463,343.16357700470587,128.01883450103102,326.6273369740463,speech-inference,faas-workloads/speech-inference-tflite,rpi3_3,139795515458832,125
312.27438230321764,343.23234934483617,154.95760765868556,312.27438230321764,resnet50-preprocessing,faas-workloads/resnet-preprocessing,rpi3_4,139795515462176,161563
343.624784821745,344.01747739696526,128.04353482174497,343.624784821745,resnet50-inference,faas-workloads/resnet-inference-gpu,tx2_0,139795516701200,268
343.6277364117774,344.1705032996122,128.04648641177735,343.6277364117774,mobilenet-inference,faas-workloads/mobilenet-inference-tpu,coral_0,139795516718480,285
313.42638466688675,344.38495907046155,157.2177045120582,313.42638466688675,resnet50-preprocessing,faas-workloads/resnet-preprocessing,rpi3_4,139795515462176,175120
314.48471413164003,344.58040129344977,158.21124850940336,314.48471413164003,resnet50-preprocessing,faas-workloads/resnet-preprocessing,rpi3_4,139795515462176,181068
328.16701154411527,344.9068213482186,128.01917757368267,328.16701154411527,speech-inference,faas-workloads/speech-inference-tflite,rpi3_3,139795515458832,126
328.422689484242,345.3862186149614,128.0193653849486,328.422689484242,speech-inference,faas-workloads/speech-inference-tflite,rpi3_3,139795515458832,127
314.40103760068797,345.8627324326817,157.7850016728141,314.40103760068797,resnet50-preprocessing,faas-workloads/resnet-preprocessing,rpi3_4,139795515462176,178509
348.8454704571968,349.2346326278663,128.0454704571968,348.8454704571968,resnet50-inference,faas-workloads/resnet-inference-gpu,tx2_0,139795516701200,278
348.847327640985,349.3990787944366,128.047327640985,348.847327640985,mobilenet-inference,faas-workloads/mobilenet-inference-tpu,coral_0,139795516718480,287
354.1268597564241,354.50754588752403,128.0456097564241,354.1268597564241,resnet50-inference,faas-workloads/resnet-inference-gpu,tx2_0,139795516701200,280
354.1289963978837,354.6874607830613,128.0477463978837,354.1289963978837,mobilenet-inference,faas-workloads/mobilenet-inference-tpu,coral_0,139795516718480,288
342.27389331102495,359.0625941782558,128.0195115076382,342.27389331102495,speech-inference,faas-workloads/speech-inference-tflite,rpi3_3,139795515458832,128
343.16357700470587,359.78648412318336,128.01968739247383,343.16357700470587,speech-inference,faas-workloads/speech-inference-tflite,rpi3_3,139795515458832,129
359.4716266809097,359.8823429312633,128.04662668090967,359.4716266809097,resnet50-inference,faas-workloads/resnet-inference-gpu,tx2_0,139795516701200,286
359.47327324481705,360.0113908287823,128.04827324481707,359.47327324481705,mobilenet-inference,faas-workloads/mobilenet-inference-tpu,coral_0,139795516718480,290
344.9068213482186,361.66941096214913,128.02162224345344,344.9068213482186,speech-inference,faas-workloads/speech-inference-tflite,rpi3_3,139795515458832,139
345.3862186149614,362.02083846261564,128.02181708856614,345.3862186149614,speech-inference,faas-workloads/speech-inference-tflite,rpi3_3,139795515458832,140
364.87988456977865,365.28271943980366,128.04863456977864,364.87988456977865,resnet50-inference,faas-workloads/resnet-inference-gpu,tx2_0,139795516701200,292
364.88026693500933,365.41946435336223,128.0490169350093,364.88026693500933,mobilenet-inference,faas-workloads/mobilenet-inference-tpu,coral_0,139795516718480,293
370.34989711383093,370.7413820767629,128.04989711383095,370.34989711383093,resnet50-inference,faas-workloads/resnet-inference-gpu,tx2_0,139795516701200,298
370.3491099903142,370.90196739341974,128.0491099903142,370.3491099903142,mobilenet-inference,faas-workloads/mobilenet-inference-tpu,coral_0,139795516718480,295
343.23234934483617,373.3454781325191,160.45682733553642,343.23234934483617,resnet50-preprocessing,faas-workloads/resnet-preprocessing,rpi3_4,139795515462176,194503
344.38495907046155,374.11137190627846,160.654835549624,344.38495907046155,resnet50-preprocessing,faas-workloads/resnet-preprocessing,rpi3_4,139795515462176,195677
344.58040129344977,374.71663661409866,160.96409797803685,344.58040129344977,resnet50-preprocessing,faas-workloads/resnet-preprocessing,rpi3_4,139795515462176,197518
359.0625941782558,375.68951740798866,128.0220950574543,359.0625941782558,speech-inference,faas-workloads/speech-inference-tflite,rpi3_3,139795515458832,142
345.8627324326817,376.24946838484533,161.12806464230556,345.8627324326817,resnet50-preprocessing,faas-workloads/resnet-preprocessing,rpi3_4,139795515462176,198516
375.88146189507427,376.2660178506609,128.05021189507428,375.88146189507427,resnet50-inference,faas-workloads/resnet-inference-gpu,tx2_0,139795516701200,301
375.88108731812645,376.43556762424885,128.04983731812644,375.88108731812645,mobilenet-inference,faas-workloads/mobilenet-inference-tpu,coral_0,139795516718480,297
359.78648412318336,376.654887907765,128.02249019326132,359.78648412318336,speech-inference,faas-workloads/speech-inference-tflite,rpi3_3,139795515458832,148
361.66941096214913,377.92724709339615,128.02302853238677,361.66941096214913,speech-inference,faas-workloads/speech-inference-tflite,rpi3_3,139795515458832,151
362.02083846261564,378.0307816361355,128.02345425629912,362.02083846261564,speech-inference,faas-workloads/speech-inference-tflite,rpi3_3,139795515458832,156
381.47544013173354,381.8637212313802,128.0504401317335,381.47544013173354,resnet50-inference,faas-workloads/resnet-inference-gpu,tx2_0,139795516701200,304
381.47498395095255,382.0253977212016,128.04998395095254,381.47498395095255,mobilenet-inference,faas-workloads/mobilenet-inference-tpu,coral_0,139795516718480,299
387.13222265341835,387.52533720239916,128.05097265341837,387.13222265341835,resnet50-inference,faas-workloads/resnet-inference-gpu,tx2_0,139795516701200,307
387.1314064075066,387.67977143093066,128.0501564075066,387.1314064075066,mobilenet-inference,faas-workloads/mobilenet-inference-tpu,coral_0,139795516718480,300
375.68951740798866,392.8492793623569,128.02351292462507,375.68951740798866,speech-inference,faas-workloads/speech-inference-tflite,rpi3_3,139795515458832,157
376.654887907765,392.98780541311265,128.02365226764596,376.654887907765,speech-inference,faas-workloads/speech-inference-tflite,rpi3_3,139795515458832,158
392.8509788853813,393.2333583973482,128.05097888538134,392.8509788853813,resnet50-inference,faas-workloads/resnet-inference-gpu,tx2_0,139795516701200,308
392.8503772900537,393.4048300445306,128.0503772900537,392.8503772900537,mobilenet-inference,faas-workloads/mobilenet-inference-tpu,coral_0,139795516718480,303
377.92724709339615,394.3260812190132,128.02517453662585,377.92724709339615,speech-inference,faas-workloads/speech-inference-tflite,rpi3_3,139795515458832,167
378.0307816361355,394.54295998144823,128.0260063117737,378.0307816361355,speech-inference,faas-workloads/speech-inference-tflite,rpi3_3,139795515458832,172
398.6325031930039,399.0140382679316,128.05125319300393,398.6325031930039,resnet50-inference,faas-workloads/resnet-inference-gpu,tx2_0,139795516701200,310
398.6319259796515,399.1783047694955,128.0506759796515,398.6319259796515,mobilenet-inference,faas-workloads/mobilenet-inference-tpu,coral_0,139795516718480,305
373.3454781325191,404.2556272854241,161.1879184320518,373.3454781325191,resnet50-preprocessing,faas-workloads/resnet-preprocessing,rpi3_4,139795515462176,198878
374.71663661409866,404.3960130910765,161.54988334886903,374.71663661409866,resnet50-preprocessing,faas-workloads/resnet-preprocessing,rpi3_4,139795515462176,200984
404.47664391531123,404.861881476949,128.05164391531122,404.47664391531123,resnet50-inference,faas-workloads/resnet-inference-gpu,tx2_0,139795516701200,312
404.4761677499347,405.0451842851254,128.05116774993468,404.4761677499347,mobilenet-inference,faas-workloads/mobilenet-inference-tpu,coral_0,139795516718480,309
374.11137190627846,405.9145330774219,161.53578851632034,374.11137190627846,resnet50-preprocessing,faas-workloads/resnet-preprocessing,rpi3_4,139795515462176,200911
376.24946838484533,406.2160888429405,162.22790412640555,376.24946838484533,resnet50-preprocessing,faas-workloads/resnet-preprocessing,rpi3_4,139795515462176,205064
392.8492793623569,409.3459578015456,128.02624062938747,392.8492793623569,speech-inference,faas-workloads/speech-inference-tflite,rpi3_3,139795515458832,175
392.98780541311265,409.8761179540918,128.0265556114268,392.98780541311265,speech-inference,faas-workloads/speech-inference-tflite,rpi3_3,139795515458832,177
410.38403341909054,410.78716535054684,128.05278341909056,410.38403341909054,resnet50-inference,faas-workloads/resnet-inference-gpu,tx2_0,139795516701200,316
394.3260812190132,410.8123908345366,128.02686249166803,394.3260812190132,speech-inference,faas-workloads/speech-inference-tflite,rpi3_3,139795515458832,178
410.38342229375473,410.93504877900233,128.05217229375475,410.38342229375473,mobilenet-inference,faas-workloads/mobilenet-inference-tpu,coral_0,139795516718480,313
394.54295998144823,411.13809662678335,128.0272793580383,394.54295998144823,speech-inference,faas-workloads/speech-inference-tflite,rpi3_3,139795515458832,182
416.35287565907356,416.7319815079914,128.05287565907352,416.35287565907356,resnet50-inference,faas-workloads/resnet-inference-gpu,tx2_0,139795516701200,318
416.352509991283,416.9136394075919,128.05250999128302,416.352509991283,mobilenet-inference,faas-workloads/mobilenet-inference-tpu,coral_0,139795516718480,315
422.38472463955475,422.7755892375757,128.0534746395547,422.38472463955475,resnet50-inference,faas-workloads/resnet-inference-gpu,tx2_0,139795516701200,321
422.3840933373502,422.9426165750835,128.05284333735017,422.3840933373502,mobilenet-inference,faas-workloads/mobilenet-inference-tpu,coral_0,139795516718480,317
409.3459578015456,425.9565403468133,128.02799074796295,409.3459578015456,speech-inference,faas-workloads/speech-inference-tflite,rpi3_3,139795515458832,184
409.8761179540918,426.1954875457126,128.02836026937206,409.8761179540918,speech-inference,faas-workloads/speech-inference-tflite,rpi3_3,139795515458832,186
410.8123908345366,427.32715615991515,128.02880173766678,410.8123908345366,speech-inference,faas-workloads/speech-inference-tflite,rpi3_3,139795515458832,189
411.13809662678335,427.59338355995266,128.02892295130505,411.13809662678335,speech-inference,faas-workloads/speech-inference-tflite,rpi3_3,139795515458832,191
428.47850345776465,428.8651337211906,128.0535034577646,428.47850345776465,resnet50-inference,faas-workloads/resnet-inference-gpu,tx2_0,139795516701200,323
428.47791670695653,429.0221344996269,128.0529167069565,428.47791670695653,mobilenet-inference,faas-workloads/mobilenet-inference-tpu,coral_0,139795516718480,319
404.3960130910765,434.20482389080115,165.97148107625787,404.3960130910765,resnet50-preprocessing,faas-workloads/resnet-preprocessing,rpi3_4,139795515462176,227603
434.6347891640965,435.01912473163,128.0535391640965,434.6347891640965,resnet50-inference,faas-workloads/resnet-inference-gpu,tx2_0,139795516701200,325
434.6347009106041,435.17895644626174,128.05345091060408,434.6347009106041,mobilenet-inference,faas-workloads/mobilenet-inference-tpu,coral_0,139795516718480,320
404.2556272854241,435.2505563662756,165.86789482053422,404.2556272854241,resnet50-preprocessing,faas-workloads/resnet-preprocessing,rpi3_4,139795515462176,226982
405.9145330774219,436.4641870627574,167.01528164046928,405.9145330774219,resnet50-preprocessing,faas-workloads/resnet-preprocessing,rpi3_4,139795515462176,233869
406.2160888429405,439.28281117747616,167.66051918251875,406.2160888429405,resnet50-preprocessing,faas-workloads/resnet-preprocessing,rpi3_4,139795515462176,237663
440.85500521655933,441.3078941761949,128.0550052165593,440.85500521655933,resnet50-inference,faas-workloads/resnet-inference-gpu,tx2_0,139795516701200,329
440.85349756764475,441.4213452143919,128.05349756764474,440.85349756764475,mobilenet-inference,faas-workloads/mobilenet-inference-tpu,coral_0,139795516718480,322
425.9565403468133,442.16514899895964,128.0294001022772,425.9565403468133,speech-inference,faas-workloads/speech-inference-tflite,rpi3_3,139795515458832,193
426.1954875457126,442.65803659868425,128.02990662185448,426.1954875457126,speech-inference,faas-workloads/speech-inference-tflite,rpi3_3,139795515458832,194
427.32715615991515,443.79127308034737,128.03106704405033,427.32715615991515,speech-inference,faas-workloads/speech-inference-tflite,rpi3_3,139795515458832,202
427.59338355995266,444.33924445027714,128.0319300825184,427.59338355995266,speech-inference,faas-workloads/speech-inference-tflite,rpi3_3,139795515458832,205
447.1364724013508,447.5328447100501,128.05522240135076,447.1364724013508,resnet50-inference,faas-workloads/resnet-inference-gpu,tx2_0,139795516701200,331
447.1347772894551,447.6980044696459,128.05352728945505,447.1347772894551,mobilenet-inference,faas-workloads/mobilenet-inference-tpu,coral_0,139795516718480,324
453.48043890767104,453.9021419599267,128.05543890767103,453.48043890767104,resnet50-inference,faas-workloads/resnet-inference-gpu,tx2_0,139795516701200,332
453.4789687658508,454.01941803391617,128.05396876585084,453.4789687658508,mobilenet-inference,faas-workloads/mobilenet-inference-tpu,coral_0,139795516718480,326
442.16514899895964,458.75678032582385,128.03206836979285,442.16514899895964,speech-inference,faas-workloads/speech-inference-tflite,rpi3_3,139795515458832,206
442.65803659868425,459.06508360093767,128.03247154501955,442.65803659868425,speech-inference,faas-workloads/speech-inference-tflite,rpi3_3,139795515458832,207
443.79127308034737,460.22288231778236,128.03265425652606,443.79127308034737,speech-inference,faas-workloads/speech-inference-tflite,rpi3_3,139795515458832,208
459.8867925821057,460.27383743577974,128.05554258210572,459.8867925821057,resnet50-inference,faas-workloads/resnet-inference-gpu,tx2_0,139795516701200,334
459.8858480037731,460.429453817639,128.0545980037731,459.8858480037731,mobilenet-inference,faas-workloads/mobilenet-inference-tpu,coral_0,139795516718480,328
444.33924445027714,461.00099815662145,128.0335772392088,444.33924445027714,speech-inference,faas-workloads/speech-inference-tflite,rpi3_3,139795515458832,211
434.20482389080115,465.8798979433135,167.66068456409627,434.20482389080115,resnet50-preprocessing,faas-workloads/resnet-preprocessing,rpi3_4,139795515462176,237664
466.35721831925974,466.7526619796495,128.05721831925973,466.35721831925974,resnet50-inference,faas-workloads/resnet-inference-gpu,tx2_0,139795516701200,347
466.35560160302197,466.8985710511751,128.05560160302196,466.35560160302197,mobilenet-inference,faas-workloads/mobilenet-inference-tpu,coral_0,139795516718480,335
436.4641870627574,468.17226791158816,168.90550339654283,436.4641870627574,resnet50-preprocessing,faas-workloads/resnet-preprocessing,rpi3_4,139795515462176,245213
435.2505563662756,468.685597001122,167.97708120701725,435.2505563662756,resnet50-preprocessing,faas-workloads/resnet-preprocessing,rpi3_4,139795515462176,239559
439.28281117747616,470.4552616504297,169.13961538182352,439.28281117747616,resnet50-preprocessing,faas-workloads/resnet-preprocessing,rpi3_4,139795515462176,246567
472.88892383699,473.29945959646403,128.05767383698998,472.88892383699,resnet50-inference,faas-workloads/resnet-inference-gpu,tx2_0,139795516701200,348
472.8870985078412,473.43390694265673,128.05584850784118,472.8870985078412,mobilenet-inference,faas-workloads/mobilenet-inference-tpu,coral_0,139795516718480,337
459.06508360093767,475.19072834326744,128.03503992422054,459.06508360093767,speech-inference,faas-workloads/speech-inference-tflite,rpi3_3,139795515458832,221
458.75678032582385,475.3516847329004,128.03458539317432,458.75678032582385,speech-inference,faas-workloads/speech-inference-tflite,rpi3_3,139795515458832,216
460.22288231778236,477.15525408142497,128.03511481269078,460.22288231778236,speech-inference,faas-workloads/speech-inference-tflite,rpi3_3,139795515458832,222
461.00099815662145,477.39510123854257,128.03712438766263,461.00099815662145,speech-inference,faas-workloads/speech-inference-tflite,rpi3_3,139795515458832,230
479.4831174859628,479.86616516375597,128.0581174859628,479.4831174859628,resnet50-inference,faas-workloads/resnet-inference-gpu,tx2_0,139795516701200,349
479.480897573651,480.0325573787081,128.055897573651,479.480897573651,mobilenet-inference,faas-workloads/mobilenet-inference-tpu,coral_0,139795516718480,338
486.139901435553,486.5560098012262,128.05865143555297,486.139901435553,resnet50-inference,faas-workloads/resnet-inference-gpu,tx2_0,139795516701200,354
486.137505289362,486.6784489254272,128.05625528936199,486.137505289362,mobilenet-inference,faas-workloads/mobilenet-inference-tpu,coral_0,139795516718480,340
475.3516847329004,491.6892191702198,128.03803291591402,475.3516847329004,speech-inference,faas-workloads/speech-inference-tflite,rpi3_3,139795515458832,235
475.19072834326744,491.71011885344546,128.03745984479798,475.19072834326744,speech-inference,faas-workloads/speech-inference-tflite,rpi3_3,139795515458832,231
492.8588631414574,493.26400239981547,128.05886314145738,492.8588631414574,resnet50-inference,faas-workloads/resnet-inference-gpu,tx2_0,139795516701200,355
492.8564754270769,493.39500776813776,128.05647542707686,492.8564754270769,mobilenet-inference,faas-workloads/mobilenet-inference-tpu,coral_0,139795516718480,341
477.39510123854257,493.7720933016512,128.0386286790216,477.39510123854257,speech-inference,faas-workloads/speech-inference-tflite,rpi3_3,139795515458832,238
477.15525408142497,493.8897661518636,128.0385711800511,477.15525408142497,speech-inference,faas-workloads/speech-inference-tflite,rpi3_3,139795515458832,237
465.8798979433135,495.84640065900095,169.7278469014775,465.8798979433135,resnet50-preprocessing,faas-workloads/resnet-preprocessing,rpi3_4,139795515462176,250166
468.17226791158816,498.1075167469289,171.3844084675107,468.17226791158816,resnet50-preprocessing,faas-workloads/resnet-preprocessing,rpi3_4,139795515462176,260214
468.685597001122,499.1139684928465,171.45637933590538,468.685597001122,resnet50-preprocessing,faas-workloads/resnet-preprocessing,rpi3_4,139795515462176,260673
499.64026134368254,500.05348348906466,128.05901134368253,499.64026134368254,resnet50-inference,faas-workloads/resnet-inference-gpu,tx2_0,139795516701200,357
499.6378135782523,500.179284167243,128.05656357825228,499.6378135782523,mobilenet-inference,faas-workloads/mobilenet-inference-tpu,coral_0,139795516718480,343
470.4552616504297,500.899173720797,171.70136810716525,470.4552616504297,resnet50-preprocessing,faas-workloads/resnet-preprocessing,rpi3_4,139795515462176,262069
506.48451743523935,506.8742977258699,128.05951743523934,506.48451743523935,resnet50-inference,faas-workloads/resnet-inference-gpu,tx2_0,139795516701200,362
506.4816807729408,507.02723680097375,128.0566807729408,506.4816807729408,mobilenet-inference,faas-workloads/mobilenet-inference-tpu,coral_0,139795516718480,344
491.6892191702198,508.2997187569513,128.0387231184231,491.6892191702198,speech-inference,faas-workloads/speech-inference-tflite,rpi3_3,139795515458832,240
491.71011885344546,508.4904737473749,128.03877061002635,491.71011885344546,speech-inference,faas-workloads/speech-inference-tflite,rpi3_3,139795515458832,241
493.7720933016512,509.84670918101494,128.03893163371467,493.7720933016512,speech-inference,faas-workloads/speech-inference-tflite,rpi3_3,139795515458832,242
493.8897661518636,510.3326374310291,128.0391114672726,493.8897661518636,speech-inference,faas-workloads/speech-inference-tflite,rpi3_3,139795515458832,243
513.3914857444969,513.7843087059417,128.0602357444969,513.3914857444969,resnet50-inference,faas-workloads/resnet-inference-gpu,tx2_0,139795516701200,366
513.3897692827868,513.9380928627115,128.05851928278682,513.3897692827868,mobilenet-inference,faas-workloads/mobilenet-inference-tpu,coral_0,139795516718480,353
520.3603048571126,520.7491103975711,128.06030485711258,520.3603048571126,resnet50-inference,faas-workloads/resnet-inference-gpu,tx2_0,139795516701200,367
520.3589665128865,520.9047367419945,128.05896651288643,520.3589665128865,mobilenet-inference,faas-workloads/mobilenet-inference-tpu,coral_0,139795516718480,356
508.4904737473749,525.052812672357,128.04009490396493,508.4904737473749,speech-inference,faas-workloads/speech-inference-tflite,rpi3_3,139795515458832,249
508.2997187569513,525.1545595179691,128.0397440629762,508.2997187569513,speech-inference,faas-workloads/speech-inference-tflite,rpi3_3,139795515458832,244
495.84640065900095,525.4440572203116,171.77823529396525,495.84640065900095,resnet50-preprocessing,faas-workloads/resnet-preprocessing,rpi3_4,139795515462176,262521
509.84670918101494,526.1607429755785,128.040254359574,509.84670918101494,speech-inference,faas-workloads/speech-inference-tflite,rpi3_3,139795515458832,250
510.3326374310291,526.6678413952093,128.0405875856042,510.3326374310291,speech-inference,faas-workloads/speech-inference-tflite,rpi3_3,139795515458832,254
527.3917201743573,527.7802975399715,128.0604701743573,527.3917201743573,resnet50-inference,faas-workloads/resnet-inference-gpu,tx2_0,139795516701200,370
498.1075167469289,527.789506397972,172.8710425400698,498.1075167469289,resnet50-preprocessing,faas-workloads/resnet-preprocessing,rpi3_4,139795515462176,269078
527.390310176771,527.9424961212832,128.05906017677094,527.390310176771,mobilenet-inference,faas-workloads/mobilenet-inference-tpu,coral_0,139795516718480,358
499.1139684928465,528.701748606937,173.1129686609333,499.1139684928465,resnet50-preprocessing,faas-workloads/resnet-preprocessing,rpi3_4,139795515462176,270616
500.899173720797,532.0482564295265,175.72651080814646,500.899173720797,resnet50-preprocessing,faas-workloads/resnet-preprocessing,rpi3_4,139795515462176,286302
534.4855627630633,534.8761460812785,128.06056276306327,534.4855627630633,resnet50-inference,faas-workloads/resnet-inference-gpu,tx2_0,139795516701200,371
534.4843014043845,535.0294392180219,128.05930140438446,534.4843014043845,mobilenet-inference,faas-workloads/mobilenet-inference-tpu,coral_0,139795516718480,360
525.052812672357,541.5420232420807,128.04180189873384,525.052812672357,speech-inference,faas-workloads/speech-inference-tflite,rpi3_3,139795515458832,257
525.1545595179691,541.9626135686512,128.0420995666227,525.1545595179691,speech-inference,faas-workloads/speech-inference-tflite,rpi3_3,139795515458832,259
541.6427016454285,542.0300611608058,128.0614516454285,541.6427016454285,resnet50-inference,faas-workloads/resnet-inference-gpu,tx2_0,139795516701200,374
541.6406198583959,542.1752635579029,128.05936985839588,541.6406198583959,mobilenet-inference,faas-workloads/mobilenet-inference-tpu,coral_0,139795516718480,361
526.1607429755785,543.191393159072,128.04244227530094,526.1607429755785,speech-inference,faas-workloads/speech-inference-tflite,rpi3_3,139795515458832,263
526.6678413952093,543.2876656456206,128.0426727302657,526.6678413952093,speech-inference,faas-workloads/speech-inference-tflite,rpi3_3,139795515458832,265
548.8622102762035,549.2663877609921,128.06221027620347,548.8622102762035,resnet50-inference,faas-workloads/resnet-inference-gpu,tx2_0,139795516701200,377
548.8595717568102,549.3936218613097,128.05957175681016,548.8595717568102,mobilenet-inference,faas-workloads/mobilenet-inference-tpu,coral_0,139795516718480,363
525.4440572203116,556.0181893930898,177.45700270983758,525.4440572203116,resnet50-preprocessing,faas-workloads/resnet-preprocessing,rpi3_4,139795515462176,296496
556.1438713173131,556.530299113285,128.06262131731307,556.1438713173131,resnet50-inference,faas-workloads/resnet-inference-gpu,tx2_0,139795516701200,382
556.1410424373223,556.6987749763588,128.05979243732227,556.1410424373223,mobilenet-inference,faas-workloads/mobilenet-inference-tpu,coral_0,139795516718480,365
527.789506397972,557.4374917311143,177.6692414181325,527.789506397972,resnet50-preprocessing,faas-workloads/resnet-preprocessing,rpi3_4,139795515462176,297783
541.5420232420807,558.2079149646255,128.04277558997254,541.5420232420807,speech-inference,faas-workloads/speech-inference-tflite,rpi3_3,139795515458832,266
541.9626135686512,558.7388753697604,128.0436201264244,541.9626135686512,speech-inference,faas-workloads/speech-inference-tflite,rpi3_3,139795515458832,270
543.191393159072,560.0866351059277,128.04420425406266,543.191393159072,speech-inference,faas-workloads/speech-inference-tflite,rpi3_3,139795515458832,273
543.2876656456206,560.4345446274687,128.04448300327007,543.2876656456206,speech-inference,faas-workloads/speech-inference-tflite,rpi3_3,139795515458832,274
528.701748606937,560.6270599041059,177.91362377605103,528.701748606937,resnet50-preprocessing,faas-workloads/resnet-preprocessing,rpi3_4,139795515462176,299226
532.0482564295265,562.536462370623,178.93381144639756,532.0482564295265,resnet50-preprocessing,faas-workloads/resnet-preprocessing,rpi3_4,139795515462176,305272
563.4879322251412,563.8718056673288,128.0629322251412,563.4879322251412,resnet50-inference,faas-workloads/resnet-inference-gpu,tx2_0,139795516701200,383
563.4853362597466,564.0430458742667,128.0603362597466,563.4853362597466,mobilenet-inference,faas-workloads/mobilenet-inference-tpu,coral_0,139795516718480,369
570.8944029623576,571.2983955136854,128.06315296235758,570.8944029623576,resnet50-inference,faas-workloads/resnet-inference-gpu,tx2_0,139795516701200,384
570.8924339070365,571.4372292146018,128.0611839070365,570.8924339070365,mobilenet-inference,faas-workloads/mobilenet-inference-tpu,coral_0,139795516718480,373
558.2079149646255,574.3694639694648,128.04549946872464,558.2079149646255,speech-inference,faas-workloads/speech-inference-tflite,rpi3_3,139795515458832,279
558.7388753697604,575.1338931139693,128.0456140707772,558.7388753697604,speech-inference,faas-workloads/speech-inference-tflite,rpi3_3,139795515458832,281
560.0866351059277,576.3533674237295,128.04613653928112,560.0866351059277,speech-inference,faas-workloads/speech-inference-tflite,rpi3_3,139795515458832,282
560.4345446274687,577.7324928627871,128.04644414099423,560.4345446274687,speech-inference,faas-workloads/speech-inference-tflite,rpi3_3,139795515458832,283
578.363281810536,578.7591932405188,128.06328181053598,578.363281810536,resnet50-inference,faas-workloads/resnet-inference-gpu,tx2_0,139795516701200,385
578.3622587713203,578.8953052683121,128.06225877132022,578.3622587713203,mobilenet-inference,faas-workloads/mobilenet-inference-tpu,coral_0,139795516718480,378
556.0181893930898,586.1007661644767,179.1468713921559,556.0181893930898,resnet50-preprocessing,faas-workloads/resnet-preprocessing,rpi3_4,139795515462176,306576
585.894721052181,586.2953930980133,128.063471052181,585.894721052181,resnet50-inference,faas-workloads/resnet-inference-gpu,tx2_0,139795516701200,388
585.8935487861488,586.427616612492,128.0622987861488,585.8935487861488,mobilenet-inference,faas-workloads/mobilenet-inference-tpu,coral_0,139795516718480,380
557.4374917311143,587.7189396738954,179.37161470455501,557.4374917311143,resnet50-preprocessing,faas-workloads/resnet-preprocessing,rpi3_4,139795515462176,307872
560.6270599041059,590.6074110731237,180.43504692571594,560.6270599041059,resnet50-preprocessing,faas-workloads/resnet-preprocessing,rpi3_4,139795515462176,314240
574.3694639694648,590.6643320369205,128.04647070927834,574.3694639694648,speech-inference,faas-workloads/speech-inference-tflite,rpi3_3,139795515458832,284
575.1338931139693,591.5970490804186,128.04796198635924,575.1338931139693,speech-inference,faas-workloads/speech-inference-tflite,rpi3_3,139795515458832,289
576.3533674237295,592.9683799855435,128.04845713507513,576.3533674237295,speech-inference,faas-workloads/speech-inference-tflite,rpi3_3,139795515458832,291
562.536462370623,593.4322178160937,180.6998086354127,562.536462370623,resnet50-preprocessing,faas-workloads/resnet-preprocessing,rpi3_4,139795515462176,315820
593.4885957763345,593.8805820677162,128.06359577633452,593.4885957763345,resnet50-inference,faas-workloads/resnet-inference-gpu,tx2_0,139795516701200,389
593.4882870599349,594.0404638423507,128.0632870599349,593.4882870599349,mobilenet-inference,faas-workloads/mobilenet-inference-tpu,coral_0,139795516718480,386
577.7324928627871,594.5431289834737,128.04909417268058,577.7324928627871,speech-inference,faas-workloads/speech-inference-tflite,rpi3_3,139795515458832,294
601.1451193234179,601.5435430844979,128.06386932341786,601.1451193234179,resnet50-inference,faas-workloads/resnet-inference-gpu,tx2_0,139795516701200,391
601.1445835255967,601.6866331373787,128.06333352559662,601.1445835255967,mobilenet-inference,faas-workloads/mobilenet-inference-tpu,coral_0,139795516718480,387
590.6643320369205,606.9214667323253,128.04920033646115,590.6643320369205,speech-inference,faas-workloads/speech-inference-tflite,rpi3_3,139795515458832,296
591.5970490804186,607.9480787546464,128.05029286934203,591.5970490804186,speech-inference,faas-workloads/speech-inference-tflite,rpi3_3,139795515458832,302
592.9683799855435,609.0032764965238,128.05092848901006,592.9683799855435,speech-inference,faas-workloads/speech-inference-tflite,rpi3_3,139795515458832,306
608.8639321369494,609.2500288394996,128.06393213694943,608.8639321369494,resnet50-inference,faas-workloads/resnet-inference-gpu,tx2_0,139795516701200,392
608.8637203477364,609.4205455697837,128.0637203477364,608.8637203477364,mobilenet-inference,faas-workloads/mobilenet-inference-tpu,coral_0,139795516718480,390
594.5431289834737,611.6613110004135,128.05152978845885,594.5431289834737,speech-inference,faas-workloads/speech-inference-tflite,rpi3_3,139795515458832,311
586.1007661644767,615.8638673337194,181.53524872400666,586.1007661644767,resnet50-preprocessing,faas-workloads/resnet-preprocessing,rpi3_4,139795515462176,320871
616.6463040230958,617.0324592352226,128.06505402309577,616.6463040230958,resnet50-inference,faas-workloads/resnet-inference-gpu,tx2_0,139795516701200,394
616.6473370185684,617.1959048984678,128.0660870185684,616.6473370185684,mobilenet-inference,faas-workloads/mobilenet-inference-tpu,coral_0,139795516718480,405
587.7189396738954,618.2939662386651,181.62013686448023,587.7189396738954,resnet50-preprocessing,faas-workloads/resnet-preprocessing,rpi3_4,139795515462176,321415
590.6074110731237,620.8411378023116,182.96474518679082,590.6074110731237,resnet50-preprocessing,faas-workloads/resnet-preprocessing,rpi3_4,139795515462176,329570
606.9214667323253,623.4665677030606,128.05227493247844,606.9214667323253,speech-inference,faas-workloads/speech-inference-tflite,rpi3_3,139795515458832,314
607.9480787546464,624.0933439877814,128.0541311738761,607.9480787546464,speech-inference,faas-workloads/speech-inference-tflite,rpi3_3,139795515458832,327
624.4901939257453,624.8980498092202,128.06519392574532,624.4901939257453,resnet50-inference,faas-workloads/resnet-inference-gpu,tx2_0,139795516701200,396
593.4322178160937,624.9628638543502,186.9758006871356,593.4322178160937,resnet50-preprocessing,faas-workloads/resnet-preprocessing,rpi3_4,139795515462176,353669
624.4913380186314,625.0517437923141,128.0663380186314,624.4913380186314,mobilenet-inference,faas-workloads/mobilenet-inference-tpu,coral_0,139795516718480,406
609.0032764965238,625.0707457664244,128.0551127853614,609.0032764965238,speech-inference,faas-workloads/speech-inference-tflite,rpi3_3,139795515458832,330
611.6613110004135,628.1224778841678,128.05552998113066,611.6613110004135,speech-inference,faas-workloads/speech-inference-tflite,rpi3_3,139795515458832,333
632.396592630648,632.7777474558031,128.06534263064796,632.396592630648,resnet50-inference,faas-workloads/resnet-inference-gpu,tx2_0,139795516701200,398
632.398068871293,632.9446511658225,128.06681887129304,632.398068871293,mobilenet-inference,faas-workloads/mobilenet-inference-tpu,coral_0,139795516718480,411
623.4665677030606,640.3765620998728,128.05582593074683,623.4665677030606,speech-inference,faas-workloads/speech-inference-tflite,rpi3_3,139795515458832,336
624.0933439877814,640.6225729295288,128.0561947482743,624.0933439877814,speech-inference,faas-workloads/speech-inference-tflite,rpi3_3,139795515458832,339
640.365376628548,640.7693474640618,128.06537662854805,640.365376628548,resnet50-inference,faas-workloads/resnet-inference-gpu,tx2_0,139795516701200,399
640.3668836562629,640.9085150243592,128.06688365626286,640.3668836562629,mobilenet-inference,faas-workloads/mobilenet-inference-tpu,coral_0,139795516718480,413
625.0707457664244,641.3616008957281,128.05656239113264,625.0707457664244,speech-inference,faas-workloads/speech-inference-tflite,rpi3_3,139795515458832,342
628.1224778841678,644.4515456358795,128.0568638870872,628.1224778841678,speech-inference,faas-workloads/speech-inference-tflite,rpi3_3,139795515458832,345
615.8638673337194,645.9080355017386,187.0892035629643,615.8638673337194,resnet50-preprocessing,faas-workloads/resnet-preprocessing,rpi3_4,139795515462176,354334
648.3967542466225,648.7827181650629,128.06550424662257,648.3967542466225,resnet50-inference,faas-workloads/resnet-inference-gpu,tx2_0,139795516701200,401
618.2939662386651,648.8832849969576,188.1088725456957,618.2939662386651,resnet50-preprocessing,faas-workloads/resnet-preprocessing,rpi3_4,139795515462176,360352
648.3988508152099,648.9651627685403,128.06760081520991,648.3988508152099,mobilenet-inference,faas-workloads/mobilenet-inference-tpu,coral_0,139795516718480,417
620.8411378023116,650.6853485914404,188.37372480909835,620.8411378023116,resnet50-preprocessing,faas-workloads/resnet-preprocessing,rpi3_4,139795515462176,361909
624.9628638543502,655.0124176054898,190.67581917076745,624.9628638543502,resnet50-preprocessing,faas-workloads/resnet-preprocessing,rpi3_4,139795515462176,375884
656.4906272626284,656.8724964243949,128.06562726262848,656.4906272626284,resnet50-inference,faas-workloads/resnet-inference-gpu,tx2_0,139795516701200,402
640.6225729295288,656.9746091042474,128.05819218265623,640.6225729295288,speech-inference,faas-workloads/speech-inference-tflite,rpi3_3,139795515458832,350
656.4930570525655,657.0307063311371,128.0680570525655,656.4930570525655,mobilenet-inference,faas-workloads/mobilenet-inference-tpu,coral_0,139795516718480,420
640.3765620998728,657.2757885772666,128.05690186111008,640.3765620998728,speech-inference,faas-workloads/speech-inference-tflite,rpi3_3,139795515458832,346
641.3616008957281,657.7822707731633,128.05836485376832,641.3616008957281,speech-inference,faas-workloads/speech-inference-tflite,rpi3_3,139795515458832,351
644.4515456358795,661.7177976695805,128.05840599141288,644.4515456358795,speech-inference,faas-workloads/speech-inference-tflite,rpi3_3,139795515458832,352
664.6469106224072,665.0505444662895,128.06566062240725,664.6469106224072,resnet50-inference,faas-workloads/resnet-inference-gpu,tx2_0,139795516701200,403
664.6495872845474,665.200278894137,128.06833728454745,664.6495872845474,mobilenet-inference,faas-workloads/mobilenet-inference-tpu,coral_0,139795516718480,421
672.8670455451446,673.2523014946888,128.06704554514465,672.8670455451446,resnet50-inference,faas-workloads/resnet-inference-gpu,tx2_0,139795516701200,414
672.8691373166075,673.4061268826465,128.0691373166076,672.8691373166075,mobilenet-inference,faas-workloads/mobilenet-inference-tpu,coral_0,139795516718480,422
656.9746091042474,673.5658838905745,128.0592427245414,656.9746091042474,speech-inference,faas-workloads/speech-inference-tflite,rpi3_3,139795515458832,359
657.2757885772666,673.7517624244142,128.05967995568116,657.2757885772666,speech-inference,faas-workloads/speech-inference-tflite,rpi3_3,139795515458832,364
657.7822707731633,674.6753635310307,128.0603185448038,657.7822707731633,speech-inference,faas-workloads/speech-inference-tflite,rpi3_3,139795515458832,368
661.7177976695805,677.8971777620966,128.06069662897144,661.7177976695805,speech-inference,faas-workloads/speech-inference-tflite,rpi3_3,139795515458832,372
645.9080355017386,677.9892889200232,191.02129189005618,645.9080355017386,resnet50-preprocessing,faas-workloads/resnet-preprocessing,rpi3_4,139795515462176,377965
648.8832849969576,679.4398488014276,191.93999218909042,648.8832849969576,resnet50-preprocessing,faas-workloads/resnet-preprocessing,rpi3_4,139795515462176,383445
681.1489653990955,681.5406018518805,128.0677153990955,681.1489653990955,resnet50-inference,faas-workloads/resnet-inference-gpu,tx2_0,139795516701200,418
681.1505953199446,681.6970722863609,128.0693453199446,681.1505953199446,mobilenet-inference,faas-workloads/mobilenet-inference-tpu,coral_0,139795516718480,423
650.6853485914404,682.8960383839743,194.07284602013965,650.6853485914404,resnet50-preprocessing,faas-workloads/resnet-preprocessing,rpi3_4,139795515462176,396155
655.0124176054898,685.5196064597524,194.5227775586135,655.0124176054898,resnet50-preprocessing,faas-workloads/resnet-preprocessing,rpi3_4,139795515462176,398751
689.4930150338589,689.8940244125856,128.06801503385893,689.4930150338589,resnet50-inference,faas-workloads/resnet-inference-gpu,tx2_0,139795516701200,419
673.5658838905745,689.9191302161793,128.06174110460555,673.5658838905745,speech-inference,faas-workloads/speech-inference-tflite,rpi3_3,139795515458832,375
689.4949390789104,690.0321407713133,128.06993907891047,689.4949390789104,mobilenet-inference,faas-workloads/mobilenet-inference-tpu,coral_0,139795516718480,426
673.7517624244142,690.1206856181768,128.06195109500862,673.7517624244142,speech-inference,faas-workloads/speech-inference-tflite,rpi3_3,139795515458832,376
674.6753635310307,691.2997860512976,128.06226363796657,674.6753635310307,speech-inference,faas-workloads/speech-inference-tflite,rpi3_3,139795515458832,379
677.8971777620966,694.204929222969,128.06253307930317,677.8971777620966,speech-inference,faas-workloads/speech-inference-tflite,rpi3_3,139795515458832,381
697.9010804178548,698.2808397515269,128.0698304178549,697.9010804178548,resnet50-inference,faas-workloads/resnet-inference-gpu,tx2_0,139795516701200,425
697.9014027023613,698.4543679299047,128.07015270236138,697.9014027023613,mobilenet-inference,faas-workloads/mobilenet-inference-tpu,coral_0,139795516718480,428
689.9191302161793,706.3974166082196,128.06394265711646,689.9191302161793,speech-inference,faas-workloads/speech-inference-tflite,rpi3_3,139795515458832,393
690.1206856181768,706.7262286111953,128.06518467515284,690.1206856181768,speech-inference,faas-workloads/speech-inference-tflite,rpi3_3,139795515458832,395
706.3700183027826,706.7515140395803,128.07001830278261,706.3700183027826,resnet50-inference,faas-workloads/resnet-inference-gpu,tx2_0,139795516701200,427
706.3702464508402,706.9178968825942,128.07024645084024,706.3702464508402,mobilenet-inference,faas-workloads/mobilenet-inference-tpu,coral_0,139795516718480,429
677.9892889200232,707.5424630476306,196.12504351055986,677.9892889200232,resnet50-preprocessing,faas-workloads/resnet-preprocessing,rpi3_4,139795515462176,408279
679.4398488014276,709.4059386289925,196.683208947089,679.4398488014276,resnet50-preprocessing,faas-workloads/resnet-preprocessing,rpi3_4,139795515462176,411655
682.8960383839743,713.5366130810343,196.83474895372902,682.8960383839743,resnet50-preprocessing,faas-workloads/resnet-preprocessing,rpi3_4,139795515462176,412621
697.8965213914402,715.0655307126025,128.06527139144018,697.8965213914402,speech-inference,faas-workloads/speech-inference-tflite,rpi3_3,139795515458832,397
714.902757851374,715.2819182920928,128.07150785137404,714.902757851374,resnet50-inference,faas-workloads/resnet-inference-gpu,tx2_0,139795516701200,436
714.9017101051029,715.4527612887009,128.07046010510297,714.9017101051029,mobilenet-inference,faas-workloads/mobilenet-inference-tpu,coral_0,139795516718480,430
685.5196064597524,716.2776222772577,199.9343095917217,685.5196064597524,resnet50-preprocessing,faas-workloads/resnet-preprocessing,rpi3_4,139795515462176,431157
706.3654861518405,722.7104348826451,128.0654861518406,706.3654861518405,speech-inference,faas-workloads/speech-inference-tflite,rpi3_3,139795515458832,400
723.4968592462676,723.8884406616941,128.07185924626765,723.4968592462676,resnet50-inference,faas-workloads/resnet-inference-gpu,tx2_0,139795516701200,439
723.4955796802712,724.031635290487,128.07057968027132,723.4955796802712,mobilenet-inference,faas-workloads/mobilenet-inference-tpu,coral_0,139795516718480,432
130.2992574541813,728.5684943086586,129.99925745418128,130.2992574541813,resnet50-training,faas-workloads/resnet-training-gpu,nano_0,139795516713360,11850
714.8970710974479,731.6199669395124,128.06582109744792,714.8970710974479,speech-inference,faas-workloads/speech-inference-tflite,rpi3_3,139795515458832,404
732.153126899452,732.5565378972191,128.07187689945206,732.153126899452,resnet50-inference,faas-workloads/resnet-inference-gpu,tx2_0,139795516701200,440
732.1520493578519,732.704651811606,128.07079935785194,732.1520493578519,mobilenet-inference,faas-workloads/mobilenet-inference-tpu,coral_0,139795516718480,435
707.5424630476306,737.6491289185097,199.95035499463987,707.5424630476306,resnet50-preprocessing,faas-workloads/resnet-preprocessing,rpi3_4,139795515462176,431251
723.491482739711,739.944031590161,128.0664827397111,723.491482739711,speech-inference,faas-workloads/speech-inference-tflite,rpi3_3,139795515458832,407
740.8723442724124,741.2674495353501,128.0723442724125,740.8723442724124,resnet50-inference,faas-workloads/resnet-inference-gpu,tx2_0,139795516701200,444
740.8716155813455,741.4053034295179,128.07161558134558,740.8716155813455,mobilenet-inference,faas-workloads/mobilenet-inference-tpu,coral_0,139795516718480,437
709.4059386289925,743.0786067318102,200.94490125016577,709.4059386289925,resnet50-preprocessing,faas-workloads/resnet-preprocessing,rpi3_4,139795515462176,437193
713.5366130810343,743.8012736662281,201.82971997122078,713.5366130810343,resnet50-preprocessing,faas-workloads/resnet-preprocessing,rpi3_4,139795515462176,442465
716.2776222772577,746.3135136994327,202.13929055498468,716.2776222772577,resnet50-preprocessing,faas-workloads/resnet-preprocessing,rpi3_4,139795515462176,444376
732.1477498193892,749.1138313042597,128.0664998193892,732.1477498193892,speech-inference,faas-workloads/speech-inference-tflite,rpi3_3,139795515458832,408
749.6546430749878,750.0434599465373,128.07339307498788,749.6546430749878,resnet50-inference,faas-workloads/resnet-inference-gpu,tx2_0,139795516701200,449
749.6530955688639,750.186508277903,128.07184556886398,749.6530955688639,mobilenet-inference,faas-workloads/mobilenet-inference-tpu,coral_0,139795516718480,438
