t_wait,t_exec,t_start,memory,function_name,function_image,node,replica_id
0.0,0.6818264770609517,128.00348954338847,419430400,resnet50-inference,faas-workloads/resnet-inference-gpu,tx2_0,139795516701200
0.0,0.6876324593374079,128.00314892799588,419430400,resnet50-inference,faas-workloads/resnet-inference-gpu,tx2_0,139795516701200
0.0,0.6967241564223343,128.00227999895534,419430400,resnet50-inference,faas-workloads/resnet-inference-gpu,tx2_0,139795516701200
0.0,0.7173463901255843,128.00130750291615,419430400,resnet50-inference,faas-workloads/resnet-inference-gpu,tx2_0,139795516701200
0.0,0.839781299320407,128.0007586483461,104857600,mobilenet-inference,faas-workloads/mobilenet-inference-tpu,coral_0,139795516718480
0.0,0.8452459026438817,128.00079320701337,104857600,mobilenet-inference,faas-workloads/mobilenet-inference-tpu,coral_0,139795516718480
0.0,0.8453606501961133,128.001119788484,104857600,mobilenet-inference,faas-workloads/mobilenet-inference-tpu,coral_0,139795516718480
0.0,0.8558850527114146,128.00077119120917,104857600,mobilenet-inference,faas-workloads/mobilenet-inference-tpu,coral_0,139795516718480
0.0,1.0657609779156019,128.00415779541893,419430400,resnet50-inference,faas-workloads/resnet-inference-gpu,tx2_0,139795516701200
0.0,1.0772229877532595,128.00394226070972,419430400,resnet50-inference,faas-workloads/resnet-inference-gpu,tx2_0,139795516701200
0.0,1.1028602350370136,128.00436138087963,419430400,resnet50-inference,faas-workloads/resnet-inference-gpu,tx2_0,139795516701200
0.0,1.1799833021957227,128.00576904167005,419430400,resnet50-inference,faas-workloads/resnet-inference-gpu,tx2_0,139795516701200
0.0,1.381328386238522,128.00259984341932,104857600,mobilenet-inference,faas-workloads/mobilenet-inference-tpu,coral_0,139795516718480
0.0,1.3880185476693327,128.00272471055732,104857600,mobilenet-inference,faas-workloads/mobilenet-inference-tpu,coral_0,139795516718480
0.0,1.398301512667615,128.002776535128,104857600,mobilenet-inference,faas-workloads/mobilenet-inference-tpu,coral_0,139795516718480
0.0,1.3969225512364005,128.0042319537347,104857600,mobilenet-inference,faas-workloads/mobilenet-inference-tpu,coral_0,139795516718480
0.0,1.5029264157393527,128.00647755981547,419430400,resnet50-inference,faas-workloads/resnet-inference-gpu,tx2_0,139795516701200
0.0,1.82145985087962,128.0066628699091,419430400,resnet50-inference,faas-workloads/resnet-inference-gpu,tx2_0,139795516701200
0.0,1.919744502077549,128.0047903212645,104857600,mobilenet-inference,faas-workloads/mobilenet-inference-tpu,coral_0,139795516718480
0.0,1.965595087543477,128.00504616018972,104857600,mobilenet-inference,faas-workloads/mobilenet-inference-tpu,coral_0,139795516718480
0.0,2.2247974602341287,128.00678792121363,419430400,resnet50-inference,faas-workloads/resnet-inference-gpu,tx2_0,139795516701200
0.0,2.3942965462465793,128.00510213633,104857600,mobilenet-inference,faas-workloads/mobilenet-inference-tpu,coral_0,139795516718480
0.0,2.687599750297636,128.00689495425,419430400,resnet50-inference,faas-workloads/resnet-inference-gpu,tx2_0,139795516701200
0.0,2.840339368285953,128.00565294278343,104857600,mobilenet-inference,faas-workloads/mobilenet-inference-tpu,coral_0,139795516718480
0.0,3.2314131507545767,128.00705725370386,419430400,resnet50-inference,faas-workloads/resnet-inference-gpu,tx2_0,139795516701200
0.0,3.3875923985089003,128.0064743988848,104857600,mobilenet-inference,faas-workloads/mobilenet-inference-tpu,coral_0,139795516718480
0.0,3.8280592654639065,128.00786205065063,419430400,resnet50-inference,faas-workloads/resnet-inference-gpu,tx2_0,139795516701200
0.0,3.96979860263599,128.00726040325623,104857600,mobilenet-inference,faas-workloads/mobilenet-inference-tpu,coral_0,139795516718480
0.0,4.466676384771489,128.0095551161095,419430400,resnet50-inference,faas-workloads/resnet-inference-gpu,tx2_0,139795516701200
0.0,4.62460572026086,128.0075778412522,104857600,mobilenet-inference,faas-workloads/mobilenet-inference-tpu,coral_0,139795516718480
0.0,5.185296105438994,128.0101526069859,419430400,resnet50-inference,faas-workloads/resnet-inference-gpu,tx2_0,139795516701200
0.0,5.341333907376622,128.00769791444282,104857600,mobilenet-inference,faas-workloads/mobilenet-inference-tpu,coral_0,139795516718480
0.0,5.9655597799793725,128.0107654664743,419430400,resnet50-inference,faas-workloads/resnet-inference-gpu,tx2_0,139795516701200
0.0,6.127666447988162,128.00876032414618,104857600,mobilenet-inference,faas-workloads/mobilenet-inference-tpu,coral_0,139795516718480
0.0,6.8180947789784625,128.0112420405745,419430400,resnet50-inference,faas-workloads/resnet-inference-gpu,tx2_0,139795516701200
0.0,6.9767902865502265,128.00984780218275,104857600,mobilenet-inference,faas-workloads/mobilenet-inference-tpu,coral_0,139795516718480
0.0,7.714813269681315,128.01131369587625,419430400,resnet50-inference,faas-workloads/resnet-inference-gpu,tx2_0,139795516701200
0.0,7.887355784198803,128.01007792123684,104857600,mobilenet-inference,faas-workloads/mobilenet-inference-tpu,coral_0,139795516718480
0.0,8.698283990342105,128.01141198357948,419430400,resnet50-inference,faas-workloads/resnet-inference-gpu,tx2_0,139795516701200
0.0,8.840436923135599,128.01032027602386,104857600,mobilenet-inference,faas-workloads/mobilenet-inference-tpu,coral_0,139795516718480
0.0,9.730366263195634,128.01161387873876,419430400,resnet50-inference,faas-workloads/resnet-inference-gpu,tx2_0,139795516701200
0.0,9.875718773277214,128.01075757225865,104857600,mobilenet-inference,faas-workloads/mobilenet-inference-tpu,coral_0,139795516718480
0.0,10.81868855713418,128.01199984592958,419430400,resnet50-inference,faas-workloads/resnet-inference-gpu,tx2_0,139795516701200
0.0,10.984774250630323,128.0112649370549,104857600,mobilenet-inference,faas-workloads/mobilenet-inference-tpu,coral_0,139795516718480
0.0,11.967110649854533,128.01200242450906,419430400,resnet50-inference,faas-workloads/resnet-inference-gpu,tx2_0,139795516701200
0.0,12.114148159229899,128.0118142839252,104857600,mobilenet-inference,faas-workloads/mobilenet-inference-tpu,coral_0,139795516718480
0.0,13.18611582118794,128.01215072355882,419430400,resnet50-inference,faas-workloads/resnet-inference-gpu,tx2_0,139795516701200
0.0,13.340172995766181,128.01181636287,104857600,mobilenet-inference,faas-workloads/mobilenet-inference-tpu,coral_0,139795516718480
0.0,14.512803343048262,128.01264183491602,419430400,resnet50-inference,faas-workloads/resnet-inference-gpu,tx2_0,139795516701200
0.0,14.636197947697667,128.0126180945682,104857600,mobilenet-inference,faas-workloads/mobilenet-inference-tpu,coral_0,139795516718480
0.0,15.827691051672986,128.01265229045632,419430400,resnet50-inference,faas-workloads/resnet-inference-gpu,tx2_0,139795516701200
0.0,15.96712199415947,128.01280768490207,104857600,mobilenet-inference,faas-workloads/mobilenet-inference-tpu,coral_0,139795516718480
0.0,16.795630941250295,128.00122822019284,104857600,speech-inference,faas-workloads/speech-inference-tflite,rpi3_3,139795515458832
0.0,16.827338146571805,128.00076672814774,104857600,speech-inference,faas-workloads/speech-inference-tflite,rpi3_3,139795515458832
0.0,17.206990187587195,128.0007643899998,104857600,speech-inference,faas-workloads/speech-inference-tflite,rpi3_3,139795515458832
0.0,17.229915713013014,128.00026954717197,104857600,speech-inference,faas-workloads/speech-inference-tflite,rpi3_3,139795515458832
0.0,17.217952135821406,128.01288944278835,419430400,resnet50-inference,faas-workloads/resnet-inference-gpu,tx2_0,139795516701200
0.0,17.382252313513135,128.0130535060201,104857600,mobilenet-inference,faas-workloads/mobilenet-inference-tpu,coral_0,139795516718480
0.0,18.682552776319312,128.01302347667337,419430400,resnet50-inference,faas-workloads/resnet-inference-gpu,tx2_0,139795516701200
0.0,18.853836036067946,128.0146870800239,104857600,mobilenet-inference,faas-workloads/mobilenet-inference-tpu,coral_0,139795516718480
0.0,20.21279154917127,128.0134599126808,419430400,resnet50-inference,faas-workloads/resnet-inference-gpu,tx2_0,139795516701200
0.0,20.374799339411652,128.01488652602777,104857600,mobilenet-inference,faas-workloads/mobilenet-inference-tpu,coral_0,139795516718480
0.0,21.81832547142008,128.01464334458203,419430400,resnet50-inference,faas-workloads/resnet-inference-gpu,tx2_0,139795516701200
0.0,21.98182587322421,128.01539125341426,104857600,mobilenet-inference,faas-workloads/mobilenet-inference-tpu,coral_0,139795516718480
0.0,23.47842622881967,128.01515289085333,419430400,resnet50-inference,faas-workloads/resnet-inference-gpu,tx2_0,139795516701200
0.0,23.653948205695173,128.01539569858403,104857600,mobilenet-inference,faas-workloads/mobilenet-inference-tpu,coral_0,139795516718480
0.0,25.1877292102522,128.01569198816478,419430400,resnet50-inference,faas-workloads/resnet-inference-gpu,tx2_0,139795516701200
0.0,25.36869084010638,128.01588650142907,104857600,mobilenet-inference,faas-workloads/mobilenet-inference-tpu,coral_0,139795516718480
0.0,26.96726696870192,128.01575542537856,419430400,resnet50-inference,faas-workloads/resnet-inference-gpu,tx2_0,139795516701200
0.0,27.132567215039302,128.0162364443551,104857600,mobilenet-inference,faas-workloads/mobilenet-inference-tpu,coral_0,139795516718480
0.0,28.80568525165711,128.0159281575952,419430400,resnet50-inference,faas-workloads/resnet-inference-gpu,tx2_0,139795516701200
0.0,28.96160716724785,128.01744707412837,104857600,mobilenet-inference,faas-workloads/mobilenet-inference-tpu,coral_0,139795516718480
0.0,30.70877054379085,128.01612236040341,419430400,resnet50-inference,faas-workloads/resnet-inference-gpu,tx2_0,139795516701200
0.0,30.88910578149205,128.01752152828516,104857600,mobilenet-inference,faas-workloads/mobilenet-inference-tpu,coral_0,139795516718480
0.0,32.221529247650835,128.17681276196566,104857600,resnet50-preprocessing,faas-workloads/resnet-preprocessing,rpi3_4,139795515462176
0.0,32.69200566864356,128.01780994384976,419430400,resnet50-inference,faas-workloads/resnet-inference-gpu,tx2_0,139795516701200
0.0,32.85016975530317,128.01802986561245,104857600,mobilenet-inference,faas-workloads/mobilenet-inference-tpu,coral_0,139795516718480
0.0,30.498326258724177,130.37401366467404,104857600,resnet50-preprocessing,faas-workloads/resnet-preprocessing,rpi3_4,139795515462176
0.0,33.55786762001617,128.00145238302252,104857600,speech-inference,faas-workloads/speech-inference-tflite,rpi3_3,139795515458832
0.0,33.61889852588823,128.00173116304333,104857600,speech-inference,faas-workloads/speech-inference-tflite,rpi3_3,139795515458832
0.0,33.84090186094451,128.00314933578005,104857600,speech-inference,faas-workloads/speech-inference-tflite,rpi3_3,139795515458832
0.0,29.966751618943988,132.38955049903427,104857600,resnet50-preprocessing,faas-workloads/resnet-preprocessing,rpi3_4,139795515462176
0.0,34.41957341907852,128.0030759834955,104857600,speech-inference,faas-workloads/speech-inference-tflite,rpi3_3,139795515458832
0.0,34.732027137010306,128.01843932273297,419430400,resnet50-inference,faas-workloads/resnet-inference-gpu,tx2_0,139795516701200
0.0,34.878825679282215,128.01805567784453,104857600,mobilenet-inference,faas-workloads/mobilenet-inference-tpu,coral_0,139795516718480
0.0,30.748636886405365,132.32139102801884,104857600,resnet50-preprocessing,faas-workloads/resnet-preprocessing,rpi3_4,139795515462176
0.0,36.812303141551666,128.01855428997735,419430400,resnet50-inference,faas-workloads/resnet-inference-gpu,tx2_0,139795516701200
0.0,36.96488274834229,128.01969645266905,104857600,mobilenet-inference,faas-workloads/mobilenet-inference-tpu,coral_0,139795516718480
0.0,38.96156096554364,128.01983045696656,419430400,resnet50-inference,faas-workloads/resnet-inference-gpu,tx2_0,139795516701200
0.0,39.1549748741823,128.01996072192023,104857600,mobilenet-inference,faas-workloads/mobilenet-inference-tpu,coral_0,139795516718480
0.0,41.18379422236907,128.0198549370179,419430400,resnet50-inference,faas-workloads/resnet-inference-gpu,tx2_0,139795516701200
0.0,41.333695693494235,128.02055637537757,104857600,mobilenet-inference,faas-workloads/mobilenet-inference-tpu,coral_0,139795516718480
0.0,43.47198354921906,128.02018983790336,419430400,resnet50-inference,faas-workloads/resnet-inference-gpu,tx2_0,139795516701200
0.0,43.63949370475922,128.02193249727705,104857600,mobilenet-inference,faas-workloads/mobilenet-inference-tpu,coral_0,139795516718480
0.0,45.81128671140763,128.02063188527487,419430400,resnet50-inference,faas-workloads/resnet-inference-gpu,tx2_0,139795516701200
0.0,45.9735413698761,128.0223347625948,104857600,mobilenet-inference,faas-workloads/mobilenet-inference-tpu,coral_0,139795516718480
0.0,48.226410742324504,128.02121754617292,419430400,resnet50-inference,faas-workloads/resnet-inference-gpu,tx2_0,139795516701200
0.0,48.372997641334365,128.02234909663724,104857600,mobilenet-inference,faas-workloads/mobilenet-inference-tpu,coral_0,139795516718480
0.0,49.96830859442224,128.00390281117674,104857600,speech-inference,faas-workloads/speech-inference-tflite,rpi3_3,139795515458832
0.0,50.29116772664676,128.0034462318245,104857600,speech-inference,faas-workloads/speech-inference-tflite,rpi3_3,139795515458832
0.0,50.679648962501176,128.02141955389055,419430400,resnet50-inference,faas-workloads/resnet-inference-gpu,tx2_0,139795516701200
0.0,50.839418358983835,128.00423444077063,104857600,speech-inference,faas-workloads/speech-inference-tflite,rpi3_3,139795515458832
0.0,50.84666112975353,128.02244922096943,104857600,mobilenet-inference,faas-workloads/mobilenet-inference-tpu,coral_0,139795516718480
0.0,51.110250910206304,128.00452926499574,104857600,speech-inference,faas-workloads/speech-inference-tflite,rpi3_3,139795515458832
0.0,53.22009145986118,128.02220604080898,419430400,resnet50-inference,faas-workloads/resnet-inference-gpu,tx2_0,139795516701200
0.0,53.37900265070425,128.02339622150575,104857600,mobilenet-inference,faas-workloads/mobilenet-inference-tpu,coral_0,139795516718480
0.0,55.82870566884708,128.02240073844084,419430400,resnet50-inference,faas-workloads/resnet-inference-gpu,tx2_0,139795516701200
0.0,55.97536062273912,128.0240362580768,104857600,mobilenet-inference,faas-workloads/mobilenet-inference-tpu,coral_0,139795516718480
0.0,58.467259288185346,128.02299646912672,419430400,resnet50-inference,faas-workloads/resnet-inference-gpu,tx2_0,139795516701200
0.0,58.63945854995478,128.02438202123884,104857600,mobilenet-inference,faas-workloads/mobilenet-inference-tpu,coral_0,139795516718480
0.0,61.20545968439154,128.02301874028174,419430400,resnet50-inference,faas-workloads/resnet-inference-gpu,tx2_0,139795516701200
0.0,61.34294320239758,128.02501039402614,104857600,mobilenet-inference,faas-workloads/mobilenet-inference-tpu,coral_0,139795516718480
0.0,57.01705044075092,133.70940654739073,104857600,resnet50-preprocessing,faas-workloads/resnet-preprocessing,rpi3_4,139795515462176
0.0,57.47023901635936,133.85397596151773,104857600,resnet50-preprocessing,faas-workloads/resnet-preprocessing,rpi3_4,139795515462176
0.0,63.97716508638794,128.02319973335815,419430400,resnet50-inference,faas-workloads/resnet-inference-gpu,tx2_0,139795516701200
0.0,64.12411812072821,128.02505877741189,104857600,mobilenet-inference,faas-workloads/mobilenet-inference-tpu,coral_0,139795516718480
0.0,58.311853468283175,134.63805193126927,104857600,resnet50-preprocessing,faas-workloads/resnet-preprocessing,rpi3_4,139795515462176
0.0,57.581131279804,135.47726680796143,104857600,resnet50-preprocessing,faas-workloads/resnet-preprocessing,rpi3_4,139795515462176
0.0,66.32108443005316,128.00513688994226,104857600,speech-inference,faas-workloads/speech-inference-tflite,rpi3_3,139795515458832
0.0,66.60701020941741,128.00465426885393,104857600,speech-inference,faas-workloads/speech-inference-tflite,rpi3_3,139795515458832
0.0,66.81492290019344,128.02319990088736,419430400,resnet50-inference,faas-workloads/resnet-inference-gpu,tx2_0,139795516701200
0.0,66.9672006491324,128.02601211401742,104857600,mobilenet-inference,faas-workloads/mobilenet-inference-tpu,coral_0,139795516718480
0.0,67.15307852852911,128.0061920487323,104857600,speech-inference,faas-workloads/speech-inference-tflite,rpi3_3,139795515458832
0.0,67.87896044406412,128.00680374683995,104857600,speech-inference,faas-workloads/speech-inference-tflite,rpi3_3,139795515458832
0.0,69.73104857765682,128.0233812192599,419430400,resnet50-inference,faas-workloads/resnet-inference-gpu,tx2_0,139795516701200
0.0,69.8677144672794,128.02636478491536,104857600,mobilenet-inference,faas-workloads/mobilenet-inference-tpu,coral_0,139795516718480
0.0,72.69009581558836,128.02386677611892,419430400,resnet50-inference,faas-workloads/resnet-inference-gpu,tx2_0,139795516701200
0.0,72.83628106116362,128.0270590105014,104857600,mobilenet-inference,faas-workloads/mobilenet-inference-tpu,coral_0,139795516718480
0.0,75.71913191341108,128.02403833794713,419430400,resnet50-inference,faas-workloads/resnet-inference-gpu,tx2_0,139795516701200
0.0,75.88850954816385,128.02713132456438,104857600,mobilenet-inference,faas-workloads/mobilenet-inference-tpu,coral_0,139795516718480
0.0,78.81189994657532,128.0246685508001,419430400,resnet50-inference,faas-workloads/resnet-inference-gpu,tx2_0,139795516701200
0.0,78.99332538245469,128.02756830196063,104857600,mobilenet-inference,faas-workloads/mobilenet-inference-tpu,coral_0,139795516718480
0.0,81.96739035215072,128.02496935887993,419430400,resnet50-inference,faas-workloads/resnet-inference-gpu,tx2_0,139795516701200
0.0,82.15101491347178,128.0281738552782,104857600,mobilenet-inference,faas-workloads/mobilenet-inference-tpu,coral_0,139795516718480
0.0,83.29362867268918,128.00686021746472,104857600,speech-inference,faas-workloads/speech-inference-tflite,rpi3_3,139795515458832
0.0,83.34317942363757,128.00714660358014,104857600,speech-inference,faas-workloads/speech-inference-tflite,rpi3_3,139795515458832
0.0,84.01288120213715,128.00718328793883,104857600,speech-inference,faas-workloads/speech-inference-tflite,rpi3_3,139795515458832
0.0,84.99557077441645,128.0077499346759,104857600,speech-inference,faas-workloads/speech-inference-tflite,rpi3_3,139795515458832
0.0,85.18207230625117,128.02543523439186,419430400,resnet50-inference,faas-workloads/resnet-inference-gpu,tx2_0,139795516701200
0.0,85.34947935712668,128.02836954891526,104857600,mobilenet-inference,faas-workloads/mobilenet-inference-tpu,coral_0,139795516718480
0.0,88.46914881456104,128.0254958473854,419430400,resnet50-inference,faas-workloads/resnet-inference-gpu,tx2_0,139795516701200
0.0,88.62442214240832,128.0288557532879,104857600,mobilenet-inference,faas-workloads/mobilenet-inference-tpu,coral_0,139795516718480
0.0,91.80804721890235,128.0258847336919,419430400,resnet50-inference,faas-workloads/resnet-inference-gpu,tx2_0,139795516701200
0.0,91.96836686376713,128.02902691545086,104857600,mobilenet-inference,faas-workloads/mobilenet-inference-tpu,coral_0,139795516718480
0.0,84.03177611338293,137.29396271149395,104857600,resnet50-preprocessing,faas-workloads/resnet-preprocessing,rpi3_4,139795515462176
0.0,85.13919472574943,136.2362521646721,104857600,resnet50-preprocessing,faas-workloads/resnet-preprocessing,rpi3_4,139795515462176
0.0,95.21226160487942,128.02595328302317,419430400,resnet50-inference,faas-workloads/resnet-inference-gpu,tx2_0,139795516701200
0.0,86.02488712436036,137.32165869322878,104857600,resnet50-preprocessing,faas-workloads/resnet-preprocessing,rpi3_4,139795515462176
0.0,95.37608531247369,128.02998876948763,104857600,mobilenet-inference,faas-workloads/mobilenet-inference-tpu,coral_0,139795516718480
0.0,85.85189665122775,137.7022444750634,104857600,resnet50-preprocessing,faas-workloads/resnet-preprocessing,rpi3_4,139795515462176
0.0,98.69459906370898,128.02604791276576,419430400,resnet50-inference,faas-workloads/resnet-inference-gpu,tx2_0,139795516701200
0.0,98.8516688810785,128.03000814754068,104857600,mobilenet-inference,faas-workloads/mobilenet-inference-tpu,coral_0,139795516718480
0.0,99.5357509757628,128.00921114524806,104857600,speech-inference,faas-workloads/speech-inference-tflite,rpi3_3,139795515458832
0.0,99.95053835490461,128.00867071444455,104857600,speech-inference,faas-workloads/speech-inference-tflite,rpi3_3,139795515458832
0.0,100.47698827526918,128.0099782414807,104857600,speech-inference,faas-workloads/speech-inference-tflite,rpi3_3,139795515458832
0.0,101.38326341276343,128.01010171550635,104857600,speech-inference,faas-workloads/speech-inference-tflite,rpi3_3,139795515458832
0.0,102.24990569958408,128.02724151335735,419430400,resnet50-inference,faas-workloads/resnet-inference-gpu,tx2_0,139795516701200
0.0,102.3637419874315,128.03045046615284,104857600,mobilenet-inference,faas-workloads/mobilenet-inference-tpu,coral_0,139795516718480
0.0,105.8207454457577,128.02847778231987,419430400,resnet50-inference,faas-workloads/resnet-inference-gpu,tx2_0,139795516701200
0.0,105.97577052941239,128.0338642981271,104857600,mobilenet-inference,faas-workloads/mobilenet-inference-tpu,coral_0,139795516718480
0.0,109.4654599128985,128.03019022101708,419430400,resnet50-inference,faas-workloads/resnet-inference-gpu,tx2_0,139795516701200
0.0,109.63974593695883,128.0349385559163,104857600,mobilenet-inference,faas-workloads/mobilenet-inference-tpu,coral_0,139795516718480
0.0,113.20658064218279,128.03061636455962,419430400,resnet50-inference,faas-workloads/resnet-inference-gpu,tx2_0,139795516701200
0.0,113.34310292200846,128.03516313446954,104857600,mobilenet-inference,faas-workloads/mobilenet-inference-tpu,coral_0,139795516718480
0.0,116.25574267371135,128.0104721512526,104857600,speech-inference,faas-workloads/speech-inference-tflite,rpi3_3,139795515458832
0.0,116.3563901476613,128.01036689290865,104857600,speech-inference,faas-workloads/speech-inference-tflite,rpi3_3,139795515458832
0.0,116.96722796340799,128.0308541241394,419430400,resnet50-inference,faas-workloads/resnet-inference-gpu,tx2_0,139795516701200
0.0,117.13836774226476,128.03566479770325,104857600,mobilenet-inference,faas-workloads/mobilenet-inference-tpu,coral_0,139795516718480
0.0,117.6735818859749,128.010968870519,104857600,speech-inference,faas-workloads/speech-inference-tflite,rpi3_3,139795515458832
0.0,118.13382169686247,128.0117495128694,104857600,speech-inference,faas-workloads/speech-inference-tflite,rpi3_3,139795515458832
0.0,120.81307344970065,128.03089799849917,419430400,resnet50-inference,faas-workloads/resnet-inference-gpu,tx2_0,139795516701200
0.0,120.96804122160063,128.03598970399273,104857600,mobilenet-inference,faas-workloads/mobilenet-inference-tpu,coral_0,139795516718480
0.0,112.30915210776422,138.87149658096095,104857600,resnet50-preprocessing,faas-workloads/resnet-preprocessing,rpi3_4,139795515462176
0.0,124.7117855712145,128.03107547744526,419430400,resnet50-inference,faas-workloads/resnet-inference-gpu,tx2_0,139795516701200
0.0,124.86955843572986,128.03602869469003,104857600,mobilenet-inference,faas-workloads/mobilenet-inference-tpu,coral_0,139795516718480
0.0,112.20747396635801,141.0725616223279,104857600,resnet50-preprocessing,faas-workloads/resnet-preprocessing,rpi3_4,139795515462176
0.0,111.7384142589276,141.9682158966627,104857600,resnet50-preprocessing,faas-workloads/resnet-preprocessing,rpi3_4,139795515462176
0.0,111.92007092072049,142.22932109947257,104857600,resnet50-preprocessing,faas-workloads/resnet-preprocessing,rpi3_4,139795515462176
0.0,128.68539139812344,128.03162006896275,419430400,resnet50-inference,faas-workloads/resnet-inference-gpu,tx2_0,139795516701200
0.0,128.85668680476851,128.0364386369876,104857600,mobilenet-inference,faas-workloads/mobilenet-inference-tpu,coral_0,139795516718480
0.0,132.61841197155297,128.01244515871934,104857600,speech-inference,faas-workloads/speech-inference-tflite,rpi3_3,139795515458832
0.0,132.74807867453035,128.03275372030276,419430400,resnet50-inference,faas-workloads/resnet-inference-gpu,tx2_0,139795516701200
0.0,132.79308181833375,128.01251512692141,104857600,speech-inference,faas-workloads/speech-inference-tflite,rpi3_3,139795515458832
0.0,132.86890622200545,128.03758745673505,104857600,mobilenet-inference,faas-workloads/mobilenet-inference-tpu,coral_0,139795516718480
0.0,134.00879640985454,128.0126474958446,104857600,speech-inference,faas-workloads/speech-inference-tflite,rpi3_3,139795515458832
0.0,134.55493587238706,128.01276748262333,104857600,speech-inference,faas-workloads/speech-inference-tflite,rpi3_3,139795515458832
0.0,136.8100957054447,128.03325288878713,419430400,resnet50-inference,faas-workloads/resnet-inference-gpu,tx2_0,139795516701200
0.0,136.97086722988183,128.03802909163153,104857600,mobilenet-inference,faas-workloads/mobilenet-inference-tpu,coral_0,139795516718480
0.0,140.97708645882048,128.03367765869692,419430400,resnet50-inference,faas-workloads/resnet-inference-gpu,tx2_0,139795516701200
0.0,141.1269282904223,128.03990862928828,104857600,mobilenet-inference,faas-workloads/mobilenet-inference-tpu,coral_0,139795516718480
0.0,145.18541137761562,128.0338515773037,419430400,resnet50-inference,faas-workloads/resnet-inference-gpu,tx2_0,139795516701200
0.0,145.37257760959469,128.0399599777227,104857600,mobilenet-inference,faas-workloads/mobilenet-inference-tpu,coral_0,139795516718480
0.0,148.8009215091452,128.01331278778133,104857600,speech-inference,faas-workloads/speech-inference-tflite,rpi3_3,139795515458832
0.0,149.20852844930232,128.01297035145484,104857600,speech-inference,faas-workloads/speech-inference-tflite,rpi3_3,139795515458832
0.0,149.47112994885285,128.03397581787513,419430400,resnet50-inference,faas-workloads/resnet-inference-gpu,tx2_0,139795516701200
0.0,149.62058239720454,128.04027627823518,104857600,mobilenet-inference,faas-workloads/mobilenet-inference-tpu,coral_0,139795516718480
0.0,150.26317094006524,128.01372806675803,104857600,speech-inference,faas-workloads/speech-inference-tflite,rpi3_3,139795515458832
0.0,150.97626862162042,128.01386288788666,104857600,speech-inference,faas-workloads/speech-inference-tflite,rpi3_3,139795515458832
0.0,138.38089188389878,142.7578408293164,104857600,resnet50-preprocessing,faas-workloads/resnet-preprocessing,rpi3_4,139795515462176
0.0,153.8411960379303,128.03476045151567,419430400,resnet50-inference,faas-workloads/resnet-inference-gpu,tx2_0,139795516701200
0.0,153.97980926833816,128.0405206348198,104857600,mobilenet-inference,faas-workloads/mobilenet-inference-tpu,coral_0,139795516718480
0.0,138.48389261185926,145.22153591102264,104857600,resnet50-preprocessing,faas-workloads/resnet-preprocessing,rpi3_4,139795515462176
0.0,136.36167685622434,147.67860061769397,104857600,resnet50-preprocessing,faas-workloads/resnet-preprocessing,rpi3_4,139795515462176
0.0,139.23761848789118,145.15332278661728,104857600,resnet50-preprocessing,faas-workloads/resnet-preprocessing,rpi3_4,139795515462176
0.0,158.2229673199311,128.03479702716848,419430400,resnet50-inference,faas-workloads/resnet-inference-gpu,tx2_0,139795516701200
0.0,158.38753249450522,128.04054049313888,104857600,mobilenet-inference,faas-workloads/mobilenet-inference-tpu,coral_0,139795516718480
0.0,162.68454167306498,128.03480166412902,419430400,resnet50-inference,faas-workloads/resnet-inference-gpu,tx2_0,139795516701200
0.0,162.8489608304193,128.04118278224917,104857600,mobilenet-inference,faas-workloads/mobilenet-inference-tpu,coral_0,139795516718480
0.0,164.97288708952124,128.01402868733885,104857600,speech-inference,faas-workloads/speech-inference-tflite,rpi3_3,139795515458832
0.0,165.40919789132153,128.01422947987982,104857600,speech-inference,faas-workloads/speech-inference-tflite,rpi3_3,139795515458832
0.0,167.21521128234457,128.03515861858813,419430400,resnet50-inference,faas-workloads/resnet-inference-gpu,tx2_0,139795516701200
0.0,167.38222937769658,128.0416542688399,104857600,mobilenet-inference,faas-workloads/mobilenet-inference-tpu,coral_0,139795516718480
0.0,167.51565983686316,128.01564926373942,104857600,speech-inference,faas-workloads/speech-inference-tflite,rpi3_3,139795515458832
0.0,167.53150433097994,128.01530173500885,104857600,speech-inference,faas-workloads/speech-inference-tflite,rpi3_3,139795515458832
0.0,171.81832440084582,128.03522415370486,419430400,resnet50-inference,faas-workloads/resnet-inference-gpu,tx2_0,139795516701200
0.0,171.97644338554213,128.04190848138884,104857600,mobilenet-inference,faas-workloads/mobilenet-inference-tpu,coral_0,139795516718480
0.0,176.4747748825424,128.03751806080535,419430400,resnet50-inference,faas-workloads/resnet-inference-gpu,tx2_0,139795516701200
0.0,176.63431079645449,128.04225234811327,104857600,mobilenet-inference,faas-workloads/mobilenet-inference-tpu,coral_0,139795516718480
0.0,181.18626462231984,128.03845860883743,419430400,resnet50-inference,faas-workloads/resnet-inference-gpu,tx2_0,139795516701200
0.0,181.34518282345138,128.04226285008033,104857600,mobilenet-inference,faas-workloads/mobilenet-inference-tpu,coral_0,139795516718480
0.0,181.58072523862256,128.0162595391024,104857600,speech-inference,faas-workloads/speech-inference-tflite,rpi3_3,139795515458832
0.0,182.25838351401538,128.01673370579257,104857600,speech-inference,faas-workloads/speech-inference-tflite,rpi3_3,139795515458832
0.0,183.83299921332434,128.01696498932006,104857600,speech-inference,faas-workloads/speech-inference-tflite,rpi3_3,139795515458832
0.0,183.9355947522051,128.01680053556763,104857600,speech-inference,faas-workloads/speech-inference-tflite,rpi3_3,139795515458832
0.0,163.30249138716172,148.9718909160559,104857600,resnet50-preprocessing,faas-workloads/resnet-preprocessing,rpi3_4,139795515462176
0.0,161.85036416518864,151.5760205016981,104857600,resnet50-preprocessing,faas-workloads/resnet-preprocessing,rpi3_4,139795515462176
0.0,185.96255848461388,128.0386933608464,419430400,resnet50-inference,faas-workloads/resnet-inference-gpu,tx2_0,139795516701200
0.0,186.13457933215244,128.04359801358936,104857600,mobilenet-inference,faas-workloads/mobilenet-inference-tpu,coral_0,139795516718480
0.0,162.61490544578618,151.7861321549018,104857600,resnet50-preprocessing,faas-workloads/resnet-preprocessing,rpi3_4,139795515462176
0.0,160.5158163337654,153.96889779787463,104857600,resnet50-preprocessing,faas-workloads/resnet-preprocessing,rpi3_4,139795515462176
0.0,190.81990475306188,128.03992803287414,419430400,resnet50-inference,faas-workloads/resnet-inference-gpu,tx2_0,139795516701200
0.0,190.97697412447135,128.043731714595,104857600,mobilenet-inference,faas-workloads/mobilenet-inference-tpu,coral_0,139795516718480
0.0,195.72608174648104,128.04009362121997,419430400,resnet50-inference,faas-workloads/resnet-inference-gpu,tx2_0,139795516701200
0.0,195.8804691478976,128.04414771085055,104857600,mobilenet-inference,faas-workloads/mobilenet-inference-tpu,coral_0,139795516718480
0.0,197.91419103907484,128.0176694783415,104857600,speech-inference,faas-workloads/speech-inference-tflite,rpi3_3,139795515458832
0.0,198.6093731471432,128.01796382690307,104857600,speech-inference,faas-workloads/speech-inference-tflite,rpi3_3,139795515458832
0.0,200.1487985167142,128.01821302740106,104857600,speech-inference,faas-workloads/speech-inference-tflite,rpi3_3,139795515458832
0.0,200.4045342945208,128.01815518972123,104857600,speech-inference,faas-workloads/speech-inference-tflite,rpi3_3,139795515458832
0.0,200.70346110107138,128.0421677481634,419430400,resnet50-inference,faas-workloads/resnet-inference-gpu,tx2_0,139795516701200
0.0,200.84418247780368,128.04465352137643,104857600,mobilenet-inference,faas-workloads/mobilenet-inference-tpu,coral_0,139795516718480
0.0,205.71441987348754,128.0426535856722,419430400,resnet50-inference,faas-workloads/resnet-inference-gpu,tx2_0,139795516701200
0.0,205.88411927115592,128.0448484304691,104857600,mobilenet-inference,faas-workloads/mobilenet-inference-tpu,coral_0,139795516718480
0.0,210.8131462852916,128.04348732965482,419430400,resnet50-inference,faas-workloads/resnet-inference-gpu,tx2_0,139795516701200
0.0,210.97500818175968,128.0452316534229,104857600,mobilenet-inference,faas-workloads/mobilenet-inference-tpu,coral_0,139795516718480
0.0,214.25527576771384,128.0186175433111,104857600,speech-inference,faas-workloads/speech-inference-tflite,rpi3_3,139795515458832
0.0,215.14474250367485,128.01883450103102,104857600,speech-inference,faas-workloads/speech-inference-tflite,rpi3_3,139795515458832
0.0,188.2747416861506,154.95760765868556,104857600,resnet50-preprocessing,faas-workloads/resnet-preprocessing,rpi3_4,139795515462176
0.0,215.9739425752203,128.04353482174497,419430400,resnet50-inference,faas-workloads/resnet-inference-gpu,tx2_0,139795516701200
0.0,216.12401688783487,128.04648641177735,104857600,mobilenet-inference,faas-workloads/mobilenet-inference-tpu,coral_0,139795516718480
0.0,187.16725455840336,157.2177045120582,104857600,resnet50-preprocessing,faas-workloads/resnet-preprocessing,rpi3_4,139795515462176
0.0,186.3691527840464,158.21124850940336,104857600,resnet50-preprocessing,faas-workloads/resnet-preprocessing,rpi3_4,139795515462176
0.0,216.88764377453595,128.01917757368267,104857600,speech-inference,faas-workloads/speech-inference-tflite,rpi3_3,139795515458832
0.0,217.36685323001282,128.0193653849486,104857600,speech-inference,faas-workloads/speech-inference-tflite,rpi3_3,139795515458832
0.0,188.0777307598676,157.7850016728141,104857600,resnet50-preprocessing,faas-workloads/resnet-preprocessing,rpi3_4,139795515462176
0.0,221.18916217066948,128.0454704571968,419430400,resnet50-inference,faas-workloads/resnet-inference-gpu,tx2_0,139795516701200
0.0,221.3517511534516,128.047327640985,104857600,mobilenet-inference,faas-workloads/mobilenet-inference-tpu,coral_0,139795516718480
0.0,226.46193613109992,128.0456097564241,419430400,resnet50-inference,faas-workloads/resnet-inference-gpu,tx2_0,139795516701200
0.0,226.63971438517757,128.0477463978837,104857600,mobilenet-inference,faas-workloads/mobilenet-inference-tpu,coral_0,139795516718480
0.0,231.04308267061757,128.0195115076382,104857600,speech-inference,faas-workloads/speech-inference-tflite,rpi3_3,139795515458832
0.0,231.76679673070953,128.01968739247383,104857600,speech-inference,faas-workloads/speech-inference-tflite,rpi3_3,139795515458832
0.0,231.8357162503536,128.04662668090967,419430400,resnet50-inference,faas-workloads/resnet-inference-gpu,tx2_0,139795516701200
0.0,231.96311758396521,128.04827324481707,104857600,mobilenet-inference,faas-workloads/mobilenet-inference-tpu,coral_0,139795516718480
0.0,233.6477887186957,128.02162224345344,104857600,speech-inference,faas-workloads/speech-inference-tflite,rpi3_3,139795515458832
0.0,233.9990213740495,128.02181708856614,104857600,speech-inference,faas-workloads/speech-inference-tflite,rpi3_3,139795515458832
0.0,237.23408487002501,128.04863456977864,419430400,resnet50-inference,faas-workloads/resnet-inference-gpu,tx2_0,139795516701200
0.0,237.37044741835294,128.0490169350093,104857600,mobilenet-inference,faas-workloads/mobilenet-inference-tpu,coral_0,139795516718480
0.0,242.69148496293192,128.04989711383095,419430400,resnet50-inference,faas-workloads/resnet-inference-gpu,tx2_0,139795516701200
0.0,242.85285740310553,128.0491099903142,104857600,mobilenet-inference,faas-workloads/mobilenet-inference-tpu,coral_0,139795516718480
0.0,212.88865079698266,160.45682733553642,104857600,resnet50-preprocessing,faas-workloads/resnet-preprocessing,rpi3_4,139795515462176
0.0,213.45653635665445,160.654835549624,104857600,resnet50-preprocessing,faas-workloads/resnet-preprocessing,rpi3_4,139795515462176
0.0,213.75253863606181,160.96409797803685,104857600,resnet50-preprocessing,faas-workloads/resnet-preprocessing,rpi3_4,139795515462176
0.0,247.66742235053437,128.0220950574543,104857600,speech-inference,faas-workloads/speech-inference-tflite,rpi3_3,139795515458832
0.0,215.12140374253977,161.12806464230556,104857600,resnet50-preprocessing,faas-workloads/resnet-preprocessing,rpi3_4,139795515462176
0.0,248.2158059555866,128.05021189507428,419430400,resnet50-inference,faas-workloads/resnet-inference-gpu,tx2_0,139795516701200
0.0,248.3857303061224,128.04983731812644,104857600,mobilenet-inference,faas-workloads/mobilenet-inference-tpu,coral_0,139795516718480
0.0,248.63239771450367,128.02249019326132,104857600,speech-inference,faas-workloads/speech-inference-tflite,rpi3_3,139795515458832
0.0,249.90421856100937,128.02302853238677,104857600,speech-inference,faas-workloads/speech-inference-tflite,rpi3_3,139795515458832
0.0,250.00732737983637,128.02345425629912,104857600,speech-inference,faas-workloads/speech-inference-tflite,rpi3_3,139795515458832
0.0,253.81328109964673,128.0504401317335,419430400,resnet50-inference,faas-workloads/resnet-inference-gpu,tx2_0,139795516701200
0.0,253.97541377024908,128.04998395095254,104857600,mobilenet-inference,faas-workloads/mobilenet-inference-tpu,coral_0,139795516718480
0.0,259.4743645489808,128.05097265341837,419430400,resnet50-inference,faas-workloads/resnet-inference-gpu,tx2_0,139795516701200
0.0,259.6296150234241,128.0501564075066,104857600,mobilenet-inference,faas-workloads/mobilenet-inference-tpu,coral_0,139795516718480
0.0,264.8257664377319,128.02351292462507,104857600,speech-inference,faas-workloads/speech-inference-tflite,rpi3_3,139795515458832
0.0,264.9641531454667,128.02365226764596,104857600,speech-inference,faas-workloads/speech-inference-tflite,rpi3_3,139795515458832
0.0,265.1823795119668,128.05097888538134,419430400,resnet50-inference,faas-workloads/resnet-inference-gpu,tx2_0,139795516701200
0.0,265.35445275447694,128.0503772900537,104857600,mobilenet-inference,faas-workloads/mobilenet-inference-tpu,coral_0,139795516718480
0.0,266.30090668238734,128.02517453662585,104857600,speech-inference,faas-workloads/speech-inference-tflite,rpi3_3,139795515458832
0.0,266.51695366967454,128.0260063117737,104857600,speech-inference,faas-workloads/speech-inference-tflite,rpi3_3,139795515458832
0.0,270.96278507492764,128.05125319300393,419430400,resnet50-inference,faas-workloads/resnet-inference-gpu,tx2_0,139795516701200
0.0,271.12762878984404,128.0506759796515,104857600,mobilenet-inference,faas-workloads/mobilenet-inference-tpu,coral_0,139795516718480
0.0,243.06770885337232,161.1879184320518,104857600,resnet50-preprocessing,faas-workloads/resnet-preprocessing,rpi3_4,139795515462176
0.0,242.84612974220747,161.54988334886903,104857600,resnet50-preprocessing,faas-workloads/resnet-preprocessing,rpi3_4,139795515462176
0.0,276.8102375616378,128.05164391531122,419430400,resnet50-inference,faas-workloads/resnet-inference-gpu,tx2_0,139795516701200
0.0,276.9940165351907,128.05116774993468,104857600,mobilenet-inference,faas-workloads/mobilenet-inference-tpu,coral_0,139795516718480
0.0,244.37874456110154,161.53578851632034,104857600,resnet50-preprocessing,faas-workloads/resnet-preprocessing,rpi3_4,139795515462176
0.0,243.98818471653496,162.22790412640555,104857600,resnet50-preprocessing,faas-workloads/resnet-preprocessing,rpi3_4,139795515462176
0.0,281.3197171721581,128.02624062938747,104857600,speech-inference,faas-workloads/speech-inference-tflite,rpi3_3,139795515458832
0.0,281.84956234266497,128.0265556114268,104857600,speech-inference,faas-workloads/speech-inference-tflite,rpi3_3,139795515458832
0.0,282.73438193145626,128.05278341909056,419430400,resnet50-inference,faas-workloads/resnet-inference-gpu,tx2_0,139795516701200
0.0,282.7855283428686,128.02686249166803,104857600,speech-inference,faas-workloads/speech-inference-tflite,rpi3_3,139795515458832
0.0,282.8828764852476,128.05217229375475,104857600,mobilenet-inference,faas-workloads/mobilenet-inference-tpu,coral_0,139795516718480
0.0,283.11081726874505,128.0272793580383,104857600,speech-inference,faas-workloads/speech-inference-tflite,rpi3_3,139795515458832
0.0,288.67910584891786,128.05287565907352,419430400,resnet50-inference,faas-workloads/resnet-inference-gpu,tx2_0,139795516701200
0.0,288.8611294163089,128.05250999128302,104857600,mobilenet-inference,faas-workloads/mobilenet-inference-tpu,coral_0,139795516718480
0.0,294.722114598021,128.0534746395547,419430400,resnet50-inference,faas-workloads/resnet-inference-gpu,tx2_0,139795516701200
0.0,294.8897732377333,128.05284333735017,104857600,mobilenet-inference,faas-workloads/mobilenet-inference-tpu,coral_0,139795516718480
0.0,297.9285495988504,128.02799074796295,104857600,speech-inference,faas-workloads/speech-inference-tflite,rpi3_3,139795515458832
0.0,298.1671272763405,128.02836026937206,104857600,speech-inference,faas-workloads/speech-inference-tflite,rpi3_3,139795515458832
0.0,299.2983544222484,128.02880173766678,104857600,speech-inference,faas-workloads/speech-inference-tflite,rpi3_3,139795515458832
0.0,299.5644606086476,128.02892295130505,104857600,speech-inference,faas-workloads/speech-inference-tflite,rpi3_3,139795515458832
0.0,300.81163026342597,128.0535034577646,419430400,resnet50-inference,faas-workloads/resnet-inference-gpu,tx2_0,139795516701200
0.0,300.9692177926704,128.0529167069565,104857600,mobilenet-inference,faas-workloads/mobilenet-inference-tpu,coral_0,139795516718480
0.0,268.2333428145433,165.97148107625787,104857600,resnet50-preprocessing,faas-workloads/resnet-preprocessing,rpi3_4,139795515462176
0.0,306.9655855675335,128.0535391640965,419430400,resnet50-inference,faas-workloads/resnet-inference-gpu,tx2_0,139795516701200
0.0,307.1255055356577,128.05345091060408,104857600,mobilenet-inference,faas-workloads/mobilenet-inference-tpu,coral_0,139795516718480
0.0,269.38266154574137,165.86789482053422,104857600,resnet50-preprocessing,faas-workloads/resnet-preprocessing,rpi3_4,139795515462176
0.0,269.44890542228814,167.01528164046928,104857600,resnet50-preprocessing,faas-workloads/resnet-preprocessing,rpi3_4,139795515462176
0.0,271.62229199495744,167.66051918251875,104857600,resnet50-preprocessing,faas-workloads/resnet-preprocessing,rpi3_4,139795515462176
0.0,313.2528889596356,128.0550052165593,419430400,resnet50-inference,faas-workloads/resnet-inference-gpu,tx2_0,139795516701200
0.0,313.3678476467472,128.05349756764474,104857600,mobilenet-inference,faas-workloads/mobilenet-inference-tpu,coral_0,139795516718480
0.0,314.13574889668246,128.0294001022772,104857600,speech-inference,faas-workloads/speech-inference-tflite,rpi3_3,139795515458832
0.0,314.62812997682977,128.02990662185448,104857600,speech-inference,faas-workloads/speech-inference-tflite,rpi3_3,139795515458832
0.0,315.76020603629706,128.03106704405033,104857600,speech-inference,faas-workloads/speech-inference-tflite,rpi3_3,139795515458832
0.0,316.30731436775875,128.0319300825184,104857600,speech-inference,faas-workloads/speech-inference-tflite,rpi3_3,139795515458832
0.0,319.4776223086993,128.05522240135076,419430400,resnet50-inference,faas-workloads/resnet-inference-gpu,tx2_0,139795516701200
0.0,319.64447718019085,128.05352728945505,104857600,mobilenet-inference,faas-workloads/mobilenet-inference-tpu,coral_0,139795516718480
0.0,325.8467030522557,128.05543890767103,419430400,resnet50-inference,faas-workloads/resnet-inference-gpu,tx2_0,139795516701200
0.0,325.9654492680653,128.05396876585084,104857600,mobilenet-inference,faas-workloads/mobilenet-inference-tpu,coral_0,139795516718480
0.0,330.724711956031,128.03206836979285,104857600,speech-inference,faas-workloads/speech-inference-tflite,rpi3_3,139795515458832
0.0,331.0326120559181,128.03247154501955,104857600,speech-inference,faas-workloads/speech-inference-tflite,rpi3_3,139795515458832
0.0,332.19022806125633,128.03265425652606,104857600,speech-inference,faas-workloads/speech-inference-tflite,rpi3_3,139795515458832
0.0,332.218294853674,128.05554258210572,419430400,resnet50-inference,faas-workloads/resnet-inference-gpu,tx2_0,139795516701200
0.0,332.3748558138659,128.0545980037731,104857600,mobilenet-inference,faas-workloads/mobilenet-inference-tpu,coral_0,139795516718480
0.0,332.96742091741265,128.0335772392088,104857600,speech-inference,faas-workloads/speech-inference-tflite,rpi3_3,139795515458832
0.0,298.2192133792172,167.66068456409627,104857600,resnet50-preprocessing,faas-workloads/resnet-preprocessing,rpi3_4,139795515462176
0.0,338.69544366038974,128.05721831925973,419430400,resnet50-inference,faas-workloads/resnet-inference-gpu,tx2_0,139795516701200
0.0,338.84296944815316,128.05560160302196,104857600,mobilenet-inference,faas-workloads/mobilenet-inference-tpu,coral_0,139795516718480
0.0,299.26676451504534,168.90550339654283,104857600,resnet50-preprocessing,faas-workloads/resnet-preprocessing,rpi3_4,139795515462176
0.0,300.70851579410476,167.97708120701725,104857600,resnet50-preprocessing,faas-workloads/resnet-preprocessing,rpi3_4,139795515462176
0.0,301.3156462686062,169.13961538182352,104857600,resnet50-preprocessing,faas-workloads/resnet-preprocessing,rpi3_4,139795515462176
0.0,345.24178575947406,128.05767383698998,419430400,resnet50-inference,faas-workloads/resnet-inference-gpu,tx2_0,139795516701200
0.0,345.37805843481556,128.05584850784118,104857600,mobilenet-inference,faas-workloads/mobilenet-inference-tpu,coral_0,139795516718480
0.0,347.1556884190469,128.03503992422054,104857600,speech-inference,faas-workloads/speech-inference-tflite,rpi3_3,139795515458832
0.0,347.3170993397261,128.03458539317432,104857600,speech-inference,faas-workloads/speech-inference-tflite,rpi3_3,139795515458832
0.0,349.1201392687342,128.03511481269078,104857600,speech-inference,faas-workloads/speech-inference-tflite,rpi3_3,139795515458832
0.0,349.35797685087994,128.03712438766263,104857600,speech-inference,faas-workloads/speech-inference-tflite,rpi3_3,139795515458832
0.0,351.8080476777932,128.0581174859628,419430400,resnet50-inference,faas-workloads/resnet-inference-gpu,tx2_0,139795516701200
0.0,351.97665980505707,128.055897573651,104857600,mobilenet-inference,faas-workloads/mobilenet-inference-tpu,coral_0,139795516718480
0.0,358.4973583656732,128.05865143555297,419430400,resnet50-inference,faas-workloads/resnet-inference-gpu,tx2_0,139795516701200
0.0,358.62219363606516,128.05625528936199,104857600,mobilenet-inference,faas-workloads/mobilenet-inference-tpu,coral_0,139795516718480
0.0,363.6511862543058,128.03803291591402,104857600,speech-inference,faas-workloads/speech-inference-tflite,rpi3_3,139795515458832
0.0,363.6726590086475,128.03745984479798,104857600,speech-inference,faas-workloads/speech-inference-tflite,rpi3_3,139795515458832
0.0,365.2051392583581,128.05886314145738,419430400,resnet50-inference,faas-workloads/resnet-inference-gpu,tx2_0,139795516701200
0.0,365.3385323410609,128.05647542707686,104857600,mobilenet-inference,faas-workloads/mobilenet-inference-tpu,coral_0,139795516718480
0.0,365.7334646226296,128.0386286790216,104857600,speech-inference,faas-workloads/speech-inference-tflite,rpi3_3,139795515458832
0.0,365.85119497181256,128.0385711800511,104857600,speech-inference,faas-workloads/speech-inference-tflite,rpi3_3,139795515458832
0.0,326.11855375752344,169.7278469014775,104857600,resnet50-preprocessing,faas-workloads/resnet-preprocessing,rpi3_4,139795515462176
0.0,326.7231082794182,171.3844084675107,104857600,resnet50-preprocessing,faas-workloads/resnet-preprocessing,rpi3_4,139795515462176
0.0,327.65758915694107,171.45637933590538,104857600,resnet50-preprocessing,faas-workloads/resnet-preprocessing,rpi3_4,139795515462176
0.0,371.99447214538213,128.05901134368253,419430400,resnet50-inference,faas-workloads/resnet-inference-gpu,tx2_0,139795516701200
0.0,372.1227205889907,128.05656357825228,104857600,mobilenet-inference,faas-workloads/mobilenet-inference-tpu,coral_0,139795516718480
0.0,329.1978056136318,171.70136810716525,104857600,resnet50-preprocessing,faas-workloads/resnet-preprocessing,rpi3_4,139795515462176
0.0,378.81478029063055,128.05951743523934,419430400,resnet50-inference,faas-workloads/resnet-inference-gpu,tx2_0,139795516701200
0.0,378.97055602803295,128.0566807729408,104857600,mobilenet-inference,faas-workloads/mobilenet-inference-tpu,coral_0,139795516718480
0.0,380.2609956385282,128.0387231184231,104857600,speech-inference,faas-workloads/speech-inference-tflite,rpi3_3,139795515458832
0.0,380.45170313734855,128.03877061002635,104857600,speech-inference,faas-workloads/speech-inference-tflite,rpi3_3,139795515458832
0.0,381.80777754730025,128.03893163371467,104857600,speech-inference,faas-workloads/speech-inference-tflite,rpi3_3,139795515458832
0.0,382.29352596375657,128.0391114672726,104857600,speech-inference,faas-workloads/speech-inference-tflite,rpi3_3,139795515458832
0.0,385.7240729614448,128.0602357444969,419430400,resnet50-inference,faas-workloads/resnet-inference-gpu,tx2_0,139795516701200
0.0,385.8795735799247,128.05851928278682,104857600,mobilenet-inference,faas-workloads/mobilenet-inference-tpu,coral_0,139795516718480
0.0,392.6888055404586,128.06030485711258,419430400,resnet50-inference,faas-workloads/resnet-inference-gpu,tx2_0,139795516701200
0.0,392.8457702291081,128.05896651288643,104857600,mobilenet-inference,faas-workloads/mobilenet-inference-tpu,coral_0,139795516718480
0.0,397.0127177683921,128.04009490396493,104857600,speech-inference,faas-workloads/speech-inference-tflite,rpi3_3,139795515458832
0.0,397.11481545499294,128.0397440629762,104857600,speech-inference,faas-workloads/speech-inference-tflite,rpi3_3,139795515458832
0.0,353.6658219263463,171.77823529396525,104857600,resnet50-preprocessing,faas-workloads/resnet-preprocessing,rpi3_4,139795515462176
0.0,398.12048861600454,128.040254359574,104857600,speech-inference,faas-workloads/speech-inference-tflite,rpi3_3,139795515458832
0.0,398.6272538096051,128.0405875856042,104857600,speech-inference,faas-workloads/speech-inference-tflite,rpi3_3,139795515458832
0.0,399.71982736561415,128.0604701743573,419430400,resnet50-inference,faas-workloads/resnet-inference-gpu,tx2_0,139795516701200
0.0,354.9184638579022,172.8710425400698,104857600,resnet50-preprocessing,faas-workloads/resnet-preprocessing,rpi3_4,139795515462176
0.0,399.88343594451226,128.05906017677094,104857600,mobilenet-inference,faas-workloads/mobilenet-inference-tpu,coral_0,139795516718480
0.0,355.58877994600374,173.1129686609333,104857600,resnet50-preprocessing,faas-workloads/resnet-preprocessing,rpi3_4,139795515462176
0.0,356.32174562138005,175.72651080814646,104857600,resnet50-preprocessing,faas-workloads/resnet-preprocessing,rpi3_4,139795515462176
0.0,406.81558331821526,128.06056276306327,419430400,resnet50-inference,faas-workloads/resnet-inference-gpu,tx2_0,139795516701200
0.0,406.9701378136375,128.05930140438446,104857600,mobilenet-inference,faas-workloads/mobilenet-inference-tpu,coral_0,139795516718480
0.0,413.5002213433469,128.04180189873384,104857600,speech-inference,faas-workloads/speech-inference-tflite,rpi3_3,139795515458832
0.0,413.92051400202854,128.0420995666227,104857600,speech-inference,faas-workloads/speech-inference-tflite,rpi3_3,139795515458832
0.0,413.96860951537724,128.0614516454285,419430400,resnet50-inference,faas-workloads/resnet-inference-gpu,tx2_0,139795516701200
0.0,414.115893699507,128.05936985839588,104857600,mobilenet-inference,faas-workloads/mobilenet-inference-tpu,coral_0,139795516718480
0.0,415.14895088377114,128.04244227530094,104857600,speech-inference,faas-workloads/speech-inference-tflite,rpi3_3,139795515458832
0.0,415.2449929153548,128.0426727302657,104857600,speech-inference,faas-workloads/speech-inference-tflite,rpi3_3,139795515458832
0.0,421.2041774847886,128.06221027620347,419430400,resnet50-inference,faas-workloads/resnet-inference-gpu,tx2_0,139795516701200
0.0,421.33405010449957,128.05957175681016,104857600,mobilenet-inference,faas-workloads/mobilenet-inference-tpu,coral_0,139795516718480
0.0,378.5611866832522,177.45700270983758,104857600,resnet50-preprocessing,faas-workloads/resnet-preprocessing,rpi3_4,139795515462176
0.0,428.4676777959719,128.06262131731307,419430400,resnet50-inference,faas-workloads/resnet-inference-gpu,tx2_0,139795516701200
0.0,428.63898253903653,128.05979243732227,104857600,mobilenet-inference,faas-workloads/mobilenet-inference-tpu,coral_0,139795516718480
0.0,379.76825031298176,177.6692414181325,104857600,resnet50-preprocessing,faas-workloads/resnet-preprocessing,rpi3_4,139795515462176
0.0,430.165139374653,128.04277558997254,104857600,speech-inference,faas-workloads/speech-inference-tflite,rpi3_3,139795515458832
0.0,430.695255243336,128.0436201264244,104857600,speech-inference,faas-workloads/speech-inference-tflite,rpi3_3,139795515458832
0.0,432.04243085186505,128.04420425406266,104857600,speech-inference,faas-workloads/speech-inference-tflite,rpi3_3,139795515458832
0.0,432.39006162419855,128.04448300327007,104857600,speech-inference,faas-workloads/speech-inference-tflite,rpi3_3,139795515458832
0.0,382.7134361280548,177.91362377605103,104857600,resnet50-preprocessing,faas-workloads/resnet-preprocessing,rpi3_4,139795515462176
0.0,383.60265092422543,178.93381144639756,104857600,resnet50-preprocessing,faas-workloads/resnet-preprocessing,rpi3_4,139795515462176
0.0,435.8088734421876,128.0629322251412,419430400,resnet50-inference,faas-workloads/resnet-inference-gpu,tx2_0,139795516701200
0.0,435.9827096145201,128.0603362597466,104857600,mobilenet-inference,faas-workloads/mobilenet-inference-tpu,coral_0,139795516718480
0.0,443.2352425513278,128.06315296235758,419430400,resnet50-inference,faas-workloads/resnet-inference-gpu,tx2_0,139795516701200
0.0,443.3760453075653,128.0611839070365,104857600,mobilenet-inference,faas-workloads/mobilenet-inference-tpu,coral_0,139795516718480
0.0,446.3239645007402,128.04549946872464,104857600,speech-inference,faas-workloads/speech-inference-tflite,rpi3_3,139795515458832
0.0,447.0882790431921,128.0456140707772,104857600,speech-inference,faas-workloads/speech-inference-tflite,rpi3_3,139795515458832
0.0,448.3072308844484,128.04613653928112,104857600,speech-inference,faas-workloads/speech-inference-tflite,rpi3_3,139795515458832
0.0,449.6860487217929,128.04644414099423,104857600,speech-inference,faas-workloads/speech-inference-tflite,rpi3_3,139795515458832
0.0,450.69591142998286,128.06328181053598,419430400,resnet50-inference,faas-workloads/resnet-inference-gpu,tx2_0,139795516701200
0.0,450.83304649699187,128.06225877132022,104857600,mobilenet-inference,faas-workloads/mobilenet-inference-tpu,coral_0,139795516718480
0.0,406.9538947723208,179.1468713921559,104857600,resnet50-preprocessing,faas-workloads/resnet-preprocessing,rpi3_4,139795515462176
0.0,458.2319220458323,128.063471052181,419430400,resnet50-inference,faas-workloads/resnet-inference-gpu,tx2_0,139795516701200
0.0,458.3653178263432,128.0622987861488,104857600,mobilenet-inference,faas-workloads/mobilenet-inference-tpu,coral_0,139795516718480
0.0,408.34732496934043,179.37161470455501,104857600,resnet50-preprocessing,faas-workloads/resnet-preprocessing,rpi3_4,139795515462176
0.0,410.17236414740773,180.43504692571594,104857600,resnet50-preprocessing,faas-workloads/resnet-preprocessing,rpi3_4,139795515462176
0.0,462.61786132764223,128.04647070927834,104857600,speech-inference,faas-workloads/speech-inference-tflite,rpi3_3,139795515458832
0.0,463.54908709405936,128.04796198635924,104857600,speech-inference,faas-workloads/speech-inference-tflite,rpi3_3,139795515458832
0.0,464.91992285046837,128.04845713507513,104857600,speech-inference,faas-workloads/speech-inference-tflite,rpi3_3,139795515458832
0.0,412.73240918068103,180.6998086354127,104857600,resnet50-preprocessing,faas-workloads/resnet-preprocessing,rpi3_4,139795515462176
0.0,465.8169862913817,128.06359577633452,419430400,resnet50-inference,faas-workloads/resnet-inference-gpu,tx2_0,139795516701200
0.0,465.9771767824158,128.0632870599349,104857600,mobilenet-inference,faas-workloads/mobilenet-inference-tpu,coral_0,139795516718480
0.0,466.4940348107931,128.04909417268058,104857600,speech-inference,faas-workloads/speech-inference-tflite,rpi3_3,139795515458832
0.0,473.47967376108,128.06386932341786,419430400,resnet50-inference,faas-workloads/resnet-inference-gpu,tx2_0,139795516701200
0.0,473.62329961178216,128.06333352559662,104857600,mobilenet-inference,faas-workloads/mobilenet-inference-tpu,coral_0,139795516718480
0.0,478.87226639586413,128.04920033646115,104857600,speech-inference,faas-workloads/speech-inference-tflite,rpi3_3,139795515458832
0.0,479.8977858853044,128.05029286934203,104857600,speech-inference,faas-workloads/speech-inference-tflite,rpi3_3,139795515458832
0.0,480.9523480075137,128.05092848901006,104857600,speech-inference,faas-workloads/speech-inference-tflite,rpi3_3,139795515458832
0.0,481.1860967025501,128.06393213694943,419430400,resnet50-inference,faas-workloads/resnet-inference-gpu,tx2_0,139795516701200
0.0,481.3568252220473,128.0637203477364,104857600,mobilenet-inference,faas-workloads/mobilenet-inference-tpu,coral_0,139795516718480
0.0,483.60978121195467,128.05152978845885,104857600,speech-inference,faas-workloads/speech-inference-tflite,rpi3_3,139795515458832
0.0,434.32861860971275,181.53524872400666,104857600,resnet50-preprocessing,faas-workloads/resnet-preprocessing,rpi3_4,139795515462176
0.0,488.9674052121269,128.06505402309577,419430400,resnet50-inference,faas-workloads/resnet-inference-gpu,tx2_0,139795516701200
0.0,489.1298178798994,128.0660870185684,104857600,mobilenet-inference,faas-workloads/mobilenet-inference-tpu,coral_0,139795516718480
0.0,436.6738293741849,181.62013686448023,104857600,resnet50-preprocessing,faas-workloads/resnet-preprocessing,rpi3_4,139795515462176
0.0,437.87639261552073,182.96474518679082,104857600,resnet50-preprocessing,faas-workloads/resnet-preprocessing,rpi3_4,139795515462176
0.0,495.41429277058216,128.05227493247844,104857600,speech-inference,faas-workloads/speech-inference-tflite,rpi3_3,139795515458832
0.0,496.0392128139053,128.0541311738761,104857600,speech-inference,faas-workloads/speech-inference-tflite,rpi3_3,139795515458832
0.0,496.83285588347485,128.06519392574532,419430400,resnet50-inference,faas-workloads/resnet-inference-gpu,tx2_0,139795516701200
0.0,437.9870631672146,186.9758006871356,104857600,resnet50-preprocessing,faas-workloads/resnet-preprocessing,rpi3_4,139795515462176
0.0,496.9854057736827,128.0663380186314,104857600,mobilenet-inference,faas-workloads/mobilenet-inference-tpu,coral_0,139795516718480
0.0,497.01563298106294,128.0551127853614,104857600,speech-inference,faas-workloads/speech-inference-tflite,rpi3_3,139795515458832
0.0,500.0669479030371,128.05552998113066,104857600,speech-inference,faas-workloads/speech-inference-tflite,rpi3_3,139795515458832
0.0,504.7124048251552,128.06534263064796,419430400,resnet50-inference,faas-workloads/resnet-inference-gpu,tx2_0,139795516701200
0.0,504.87783229452947,128.06681887129304,104857600,mobilenet-inference,faas-workloads/mobilenet-inference-tpu,coral_0,139795516718480
0.0,512.3207361691259,128.05582593074683,104857600,speech-inference,faas-workloads/speech-inference-tflite,rpi3_3,139795515458832
0.0,512.5663781812545,128.0561947482743,104857600,speech-inference,faas-workloads/speech-inference-tflite,rpi3_3,139795515458832
0.0,512.7039708355137,128.06537662854805,419430400,resnet50-inference,faas-workloads/resnet-inference-gpu,tx2_0,139795516701200
0.0,512.8416313680964,128.06688365626286,104857600,mobilenet-inference,faas-workloads/mobilenet-inference-tpu,coral_0,139795516718480
0.0,513.3050385045955,128.05656239113264,104857600,speech-inference,faas-workloads/speech-inference-tflite,rpi3_3,139795515458832
0.0,516.3946817487923,128.0568638870872,104857600,speech-inference,faas-workloads/speech-inference-tflite,rpi3_3,139795515458832
0.0,458.81883193877434,187.0892035629643,104857600,resnet50-preprocessing,faas-workloads/resnet-preprocessing,rpi3_4,139795515462176
0.0,520.7172139184403,128.06550424662257,419430400,resnet50-inference,faas-workloads/resnet-inference-gpu,tx2_0,139795516701200
0.0,460.7744124512619,188.1088725456957,104857600,resnet50-preprocessing,faas-workloads/resnet-preprocessing,rpi3_4,139795515462176
0.0,520.8975619533303,128.06760081520991,104857600,mobilenet-inference,faas-workloads/mobilenet-inference-tpu,coral_0,139795516718480
0.0,462.31162378234205,188.37372480909835,104857600,resnet50-preprocessing,faas-workloads/resnet-preprocessing,rpi3_4,139795515462176
0.0,464.3365984347223,190.67581917076745,104857600,resnet50-preprocessing,faas-workloads/resnet-preprocessing,rpi3_4,139795515462176
0.0,528.8068691617664,128.06562726262848,419430400,resnet50-inference,faas-workloads/resnet-inference-gpu,tx2_0,139795516701200
0.0,528.9164169215912,128.05819218265623,104857600,speech-inference,faas-workloads/speech-inference-tflite,rpi3_3,139795515458832
0.0,528.9626492785717,128.0680570525655,104857600,mobilenet-inference,faas-workloads/mobilenet-inference-tpu,coral_0,139795516718480
0.0,529.2188867161565,128.05690186111008,104857600,speech-inference,faas-workloads/speech-inference-tflite,rpi3_3,139795515458832
0.0,529.723905919395,128.05836485376832,104857600,speech-inference,faas-workloads/speech-inference-tflite,rpi3_3,139795515458832
0.0,533.6593916781676,128.05840599141288,104857600,speech-inference,faas-workloads/speech-inference-tflite,rpi3_3,139795515458832
0.0,536.9848838438822,128.06566062240725,419430400,resnet50-inference,faas-workloads/resnet-inference-gpu,tx2_0,139795516701200
0.0,537.1319416095896,128.06833728454745,104857600,mobilenet-inference,faas-workloads/mobilenet-inference-tpu,coral_0,139795516718480
0.0,545.1852559495442,128.06704554514465,419430400,resnet50-inference,faas-workloads/resnet-inference-gpu,tx2_0,139795516701200
0.0,545.3369895660389,128.0691373166076,104857600,mobilenet-inference,faas-workloads/mobilenet-inference-tpu,coral_0,139795516718480
0.0,545.5066411660331,128.0592427245414,104857600,speech-inference,faas-workloads/speech-inference-tflite,rpi3_3,139795515458832
0.0,545.692082468733,128.05967995568116,104857600,speech-inference,faas-workloads/speech-inference-tflite,rpi3_3,139795515458832
0.0,546.6150449862268,128.0603185448038,104857600,speech-inference,faas-workloads/speech-inference-tflite,rpi3_3,139795515458832
0.0,549.8364811331252,128.06069662897144,104857600,speech-inference,faas-workloads/speech-inference-tflite,rpi3_3,139795515458832
0.0,486.967997029967,191.02129189005618,104857600,resnet50-preprocessing,faas-workloads/resnet-preprocessing,rpi3_4,139795515462176
0.0,487.4998566123372,191.93999218909042,104857600,resnet50-preprocessing,faas-workloads/resnet-preprocessing,rpi3_4,139795515462176
0.0,553.472886452785,128.0677153990955,419430400,resnet50-inference,faas-workloads/resnet-inference-gpu,tx2_0,139795516701200
0.0,553.6277269664163,128.0693453199446,104857600,mobilenet-inference,faas-workloads/mobilenet-inference-tpu,coral_0,139795516718480
0.0,488.82319236383466,194.07284602013965,104857600,resnet50-preprocessing,faas-workloads/resnet-preprocessing,rpi3_4,139795515462176
0.0,490.9968289011389,194.5227775586135,104857600,resnet50-preprocessing,faas-workloads/resnet-preprocessing,rpi3_4,139795515462176
0.0,561.8260093787267,128.06801503385893,419430400,resnet50-inference,faas-workloads/resnet-inference-gpu,tx2_0,139795516701200
0.0,561.8573891115738,128.06174110460555,104857600,speech-inference,faas-workloads/speech-inference-tflite,rpi3_3,139795515458832
0.0,561.9622016924028,128.06993907891047,104857600,mobilenet-inference,faas-workloads/mobilenet-inference-tpu,coral_0,139795516718480
0.0,562.0587345231681,128.06195109500862,104857600,speech-inference,faas-workloads/speech-inference-tflite,rpi3_3,139795515458832
0.0,563.237522413331,128.06226363796657,104857600,speech-inference,faas-workloads/speech-inference-tflite,rpi3_3,139795515458832
0.0,566.1423961436658,128.06253307930317,104857600,speech-inference,faas-workloads/speech-inference-tflite,rpi3_3,139795515458832
0.0,570.211009333672,128.0698304178549,419430400,resnet50-inference,faas-workloads/resnet-inference-gpu,tx2_0,139795516701200
0.0,570.3842152275433,128.07015270236138,104857600,mobilenet-inference,faas-workloads/mobilenet-inference-tpu,coral_0,139795516718480
0.0,578.3334739511031,128.06394265711646,104857600,speech-inference,faas-workloads/speech-inference-tflite,rpi3_3,139795515458832
0.0,578.6610439360425,128.06518467515284,104857600,speech-inference,faas-workloads/speech-inference-tflite,rpi3_3,139795515458832
0.0,578.6814957367977,128.07001830278261,419430400,resnet50-inference,faas-workloads/resnet-inference-gpu,tx2_0,139795516701200
0.0,578.8476504317539,128.07024645084024,104857600,mobilenet-inference,faas-workloads/mobilenet-inference-tpu,coral_0,139795516718480
0.0,511.4174195370707,196.12504351055986,104857600,resnet50-preprocessing,faas-workloads/resnet-preprocessing,rpi3_4,139795515462176
0.0,512.7227296819035,196.683208947089,104857600,resnet50-preprocessing,faas-workloads/resnet-preprocessing,rpi3_4,139795515462176
0.0,516.7018641273053,196.83474895372902,104857600,resnet50-preprocessing,faas-workloads/resnet-preprocessing,rpi3_4,139795515462176
0.0,587.0002593211623,128.06527139144018,104857600,speech-inference,faas-workloads/speech-inference-tflite,rpi3_3,139795515458832
0.0,587.2104104407188,128.07150785137404,419430400,resnet50-inference,faas-workloads/resnet-inference-gpu,tx2_0,139795516701200
0.0,587.382301183598,128.07046010510297,104857600,mobilenet-inference,faas-workloads/mobilenet-inference-tpu,coral_0,139795516718480
0.0,516.343312685536,199.9343095917217,104857600,resnet50-preprocessing,faas-workloads/resnet-preprocessing,rpi3_4,139795515462176
0.0,594.6449487308046,128.0654861518406,104857600,speech-inference,faas-workloads/speech-inference-tflite,rpi3_3,139795515458832
0.0,595.8165814154264,128.07185924626765,419430400,resnet50-inference,faas-workloads/resnet-inference-gpu,tx2_0,139795516701200
0.0,595.9610556102157,128.07057968027132,104857600,mobilenet-inference,faas-workloads/mobilenet-inference-tpu,coral_0,139795516718480
0.0,598.5692368544774,129.99925745418128,838860800,resnet50-training,faas-workloads/resnet-training-gpu,nano_0,139795516713360
0.0,603.5541458420645,128.06582109744792,104857600,speech-inference,faas-workloads/speech-inference-tflite,rpi3_3,139795515458832
0.0,604.484660997767,128.07187689945206,419430400,resnet50-inference,faas-workloads/resnet-inference-gpu,tx2_0,139795516701200
0.0,604.6338524537541,128.07079935785194,104857600,mobilenet-inference,faas-workloads/mobilenet-inference-tpu,coral_0,139795516718480
0.0,537.6987739238699,199.95035499463987,104857600,resnet50-preprocessing,faas-workloads/resnet-preprocessing,rpi3_4,139795515462176
0.0,611.8775488504499,128.0664827397111,104857600,speech-inference,faas-workloads/speech-inference-tflite,rpi3_3,139795515458832
0.0,613.1951052629377,128.0723442724125,419430400,resnet50-inference,faas-workloads/resnet-inference-gpu,tx2_0,139795516701200
0.0,613.3336878481723,128.07161558134558,104857600,mobilenet-inference,faas-workloads/mobilenet-inference-tpu,coral_0,139795516718480
0.0,542.1337054816444,200.94490125016577,104857600,resnet50-preprocessing,faas-workloads/resnet-preprocessing,rpi3_4,139795515462176
0.0,541.9715536950073,201.82971997122078,104857600,resnet50-preprocessing,faas-workloads/resnet-preprocessing,rpi3_4,139795515462176
0.0,544.1742231444481,202.13929055498468,104857600,resnet50-preprocessing,faas-workloads/resnet-preprocessing,rpi3_4,139795515462176
0.0,621.0473314848705,128.0664998193892,104857600,speech-inference,faas-workloads/speech-inference-tflite,rpi3_3,139795515458832
0.0,621.9700668715494,128.07339307498788,419430400,resnet50-inference,faas-workloads/resnet-inference-gpu,tx2_0,139795516701200
0.0,622.1146627090391,128.07184556886398,104857600,mobilenet-inference,faas-workloads/mobilenet-inference-tpu,coral_0,139795516718480
